model,feature,importance
extra_trees,num__basiskele_detail_group_bucket_median,0.08388867813243447
extra_trees,num__district_m2_group_target_median,0.056523123741912616
extra_trees,num__attr_total_quality_score,0.033097029124732585
extra_trees,num__attr_quality_x_county_income,0.023512710443576976
extra_trees,cat__elevator_Yok,0.021137366708632296
extra_trees,num__attr_effect_total_quality_bucket,0.016496895334270154
extra_trees,num__attr_effect_elevator,0.014911351355502403
extra_trees,cat__elevator_Var,0.014037134095235075
extra_trees,num__attr_has_elevator,0.012912937982106736
extra_trees,num__attr_m2_per_room,0.010635027480562931
extra_trees,num__attr_quality_x_location_baseline,0.009379057347024565
extra_trees,num__basiskele_detail_subtype_premium_signal,0.008489520095915179
extra_trees,num__detail_effect_outside_x_attr_quality,0.008227302500774991
extra_trees,num__detail_effect_subtype_mean,0.008183856884441499
extra_trees,num__detail_effect_subtype_sum,0.007902707926263129
extra_trees,num__detail_effect_outside_sum,0.007754745458193278
extra_trees,num__bsk_cluster_similar_10_median,0.007600408554129788
extra_trees,num__attr_compactness_score,0.007414485552913098
extra_trees,cat__floor_segment_Zemin/Giriş,0.006494869800645031
extra_trees,num__total_floors,0.006404770487065404
extra_trees,num__basiskele_district_premium_bucket_mean,0.006258385085806176
extra_trees,num__detail_effect_outside_mean,0.005971955331445033
extra_trees,num__location_baseline_level_code,0.0056664965459146165
extra_trees,num__detail_effect_county_total_sum,0.0055052026464119065
extra_trees,num__detail_effect_front_sum,0.005351633071428105
extra_trees,cat__usage_status_Mülk Sahibi,0.005305357056780395
extra_trees,num__bsk_district_similar_10_median,0.005236324352848829
extra_trees,num__gross_m2,0.0050766041398070385
extra_trees,num__detail_effect_front_mean,0.004887411367518785
extra_trees,cat__parking_Açık & Kapalı Otopark,0.004830033280831295
extra_trees,cat__building_age_group_31 ve üzeri,0.004811182250898249
extra_trees,num__detail_effect_total_x_attr_quality,0.00475450866805824
extra_trees,num__bsk_district_similar_20_median,0.004722402322593016
extra_trees,num__detail_effect_total_mean,0.004673226905481204
extra_trees,num__detail_effect_total_sum,0.0046300338234202204
extra_trees,num__dues,0.004374319799935885
extra_trees,num__bathroom_count,0.004346466896654369
extra_trees,num__basiskele_district_premium_bucket_median,0.004304833075038064
extra_trees,num__bearing_from_district_centroid_cos,0.004219862056736463
extra_trees,num__estimated_monthly_rent_gross,0.004150474122694506
extra_trees,num__district_room_count_target_median,0.004075067289074342
extra_trees,num__is_old_building,0.004068452152319796
extra_trees,cat__basiskele_geo_cluster_x_m2_group_Başiskele_3||0-75,0.004041679361331609
extra_trees,num__net_m2,0.004028476753713119
extra_trees,num__bsk_cluster_similar_std,0.003988126857904987
extra_trees,num__bsk_cluster_similar_20_median,0.003981358843551346
extra_trees,num__attr_net_gross_ratio,0.003943538434317018
extra_trees,num__bsk_district_similar_20_std,0.00388352456443554
extra_trees,num__net_gross_ratio,0.0038484413864247374
extra_trees,cat__geo_cluster_city_city_6,0.0037064442441528136
extra_trees,num__basiskele_distance_to_coast_x_large_home,0.0035526061026383495
extra_trees,cat__parking_Açık Otopark,0.0034654784712264204
extra_trees,num__bearing_from_district_centroid_sin,0.0034546533406840485
extra_trees,num__attr_net_gross_good,0.003423307281144757
extra_trees,num__basiskele_premium_score,0.003417165359382306
extra_trees,num__is_small_flat,0.003405699978366239
extra_trees,cat__building_age_group_0 (Oturuma Hazır),0.0033178408108255385
extra_trees,num__basiskele_premium_x_gross_m2,0.0033001872660251477
extra_trees,cat__geo_cluster_city_city_0,0.003282373799429041
extra_trees,cat__detail_cephe_Batı|Doğu|Güney,0.003259220307998131
extra_trees,num__building_age,0.0032497132621488165
extra_trees,cat__usage_status_Boş,0.003222934880676256
extra_trees,num__bearing_from_county_centroid_cos,0.003207915454331972
extra_trees,num__detail_effect_inside_mean,0.0032025664010455262
extra_trees,num__detail_effect_district_total_sum,0.0032022551200940937
extra_trees,num__attr_compact_home_x_quality,0.003184504610632995
extra_trees,num__attr_is_middle_floor,0.003137230409119626
extra_trees,num__distance_to_coast_x_large_home,0.003105612927814071
extra_trees,num__detail_effect_inside_sum,0.0030704678941357766
extra_trees,num__basiskele_has_pool_signal,0.003061977972554962
extra_trees,num__distance_to_coast_x_view_sea,0.002982572126128091
extra_trees,cat__detail_cephe_Batı|Doğu|Kuzey,0.0029226162484982756
extra_trees,num__basiskele_premium_x_location_baseline,0.002918725343916563
extra_trees,num__distance_to_county_centroid_m,0.0029039382437114672
extra_trees,num__detail_effect_level_code,0.002896080626138694
extra_trees,cat__kitchen_Açık (Amerikan),0.002895735538699546
extra_trees,num__basiskele_detail_outside_premium_signal,0.002893500267902004
extra_trees,num__location_baseline_log,0.0028697164047304198
extra_trees,num__basiskele_detail_total_premium_signal,0.0028184762859571545
extra_trees,num__floor_num,0.002795365418312196
extra_trees,cat__detail_konut_tipi_Ara Kat,0.002787610943598235
extra_trees,cat__kitchen_Kapalı,0.002780303122993775
extra_trees,num__is_new_building,0.0027731878709367037
extra_trees,num__detail_effect_inside_x_attr_quality,0.0027571520893935456
extra_trees,num__attr_quality_x_demo_income,0.002743041864359858
extra_trees,num__basiskele_detail_inside_premium_signal,0.0027304807837288466
extra_trees,cat__geo_cluster_city_city_1,0.0027246647174786376
extra_trees,num__basiskele_premium_x_detail_outside,0.002713551967091738
extra_trees,num__attr_new_building_x_site_inside,0.0027054373874614724
extra_trees,num__location_baseline_count,0.0026985505852082795
extra_trees,cat__room_count_3+1,0.00269200738843639
extra_trees,cat__m2_group_0-75,0.0026806971876298137
extra_trees,num__location_baseline_m2,0.002644276922943696
extra_trees,cat__detail_cephe_Batı|Doğu,0.002608352404262389
extra_trees,cat__detail_konut_tipi_missing,0.0025627378736152715
extra_trees,num__distance_to_yuvacik_m,0.002559203858746971
extra_trees,num__lat,0.002553052256413368
extra_trees,num__lat_centered_city,0.0025510176556066515
extra_trees,num__attr_building_age_inverse,0.0025506643452632293
extra_trees,num__distance_to_district_centroid_m,0.0024979438260626895
extra_trees,num__remaining_floors,0.0024871974678409214
extra_trees,cat__m2_group_101-125,0.0024778551526479305
extra_trees,cat__building_age_group_5,0.0024702340843138133
extra_trees,cat__detail_manzara_Şehir,0.002436898782013506
extra_trees,num__attr_floor_ratio,0.0023917419153325794
extra_trees,num__basiskele_lat_lon_interaction,0.0023904711227523247
extra_trees,num__floor_ratio,0.002363066559831484
extra_trees,num__large_home_net_gross_quality,0.002357224323140767
extra_trees,num__district_m2_group_rent_m2_median,0.002353404232701571
extra_trees,num__attr_net_gross_bad,0.0023512117166288654
extra_trees,num__distance_to_sahil_m,0.0023262537507756087
extra_trees,num__detail_effect_total_abs_sum,0.002308622762802935
extra_trees,num__district_room_rent_m2_count,0.002292640048550911
extra_trees,num__distance_to_bahcecik_m,0.0022847270387664513
extra_trees,cat__detail_konut_tipi_En Üst Kat,0.00227388134376844
extra_trees,num__district_m2_group_rent_m2_count,0.00227078685331334
extra_trees,cat__heating_Kombi (Doğalgaz),0.002267431360502047
extra_trees,num__basiskele_district_premium_bucket_count,0.002257934607054744
extra_trees,num__detail_front_count,0.0022423747310541925
extra_trees,num__distance_to_coast_x_site_inside,0.002236021923808112
extra_trees,cat__detail_cephe_missing,0.0022234397248721105
extra_trees,num__location_baseline_vs_trend,0.0022203394250614817
extra_trees,num__basiskele_premium_x_detail_view,0.002208324693332182
extra_trees,num__lat_centered_county,0.002192464049721178
extra_trees,cat__heating_Yerden Isıtma,0.0021673376617398375
extra_trees,num__distance_to_geo_cluster_center_m,0.002162217255117328
extra_trees,num__detail_effect_negative_count,0.0021376509763707608
extra_trees,num__distance_to_izmit_center_m,0.002133346757938576
extra_trees,num__distance_to_kullar_m,0.002131949546235298
extra_trees,num__attr_floor_quality_score,0.0021026537329357337
extra_trees,num__front_score,0.00207260698472887
extra_trees,num__basiskele_has_inside_luxury_signal,0.0020573238096572286
extra_trees,cat__geo_cluster_x_room_count_city_6||3+1,0.0020563495411351027
extra_trees,cat__m2_group_126-150,0.0020494723176701676
extra_trees,num__detail_effect_transport_sum,0.0020485709156247115
extra_trees,num__is_large_flat,0.002046265327411293
extra_trees,num__distance_to_basiskele_coast_m,0.002033123742422164
extra_trees,num__transport_score,0.0019955213605574876
extra_trees,num__estimated_rent_m2_gross,0.0019797245652469304
extra_trees,num__large_home_log_m2,0.0019758752670973093
extra_trees,cat__detail_manzara_Doğa|Park & Yeşil Alan,0.0019749340073860707
extra_trees,num__is_middle_floor,0.0019719387154681126
extra_trees,num__detail_near_count,0.0019679519727798184
extra_trees,num__inside_quality_score,0.001954451528918114
extra_trees,cat__usage_status_Kiracılı,0.001933640029742671
extra_trees,num__outside_quality_score,0.0019215058953248165
extra_trees,num__detail_effect_view_x_location_baseline,0.0019153786553830101
extra_trees,num__detail_effect_positive_count,0.001868764599862128
extra_trees,num__attr_large_home_x_quality,0.0018630740546821851
extra_trees,num__detail_transport_count,0.0018407250242902487
extra_trees,num__district_room_rent_m2_median,0.001817086597187582
extra_trees,cat__floor_segment_Ara Kat,0.0018149954913246203
extra_trees,cat__floor_segment_Bahçe,0.0018132117093456219
extra_trees,num__accessibility_score,0.0018091773417185971
extra_trees,num__detail_effect_transport_mean,0.0017973806614482698
extra_trees,num__basiskele_detail_view_premium_signal,0.0017971418874295187
extra_trees,cat__demo_dominant_age_group_40-44,0.0017866803908918765
extra_trees,num__detail_effect_view_sum,0.0017775059793571726
extra_trees,num__attr_old_building_x_no_elevator,0.0017571479430961154
extra_trees,num__nearby_score,0.0017516045351540712
extra_trees,num__detail_effect_used_count,0.0017258125249255366
extra_trees,cat__coast_distance_bucket_1000_3000,0.0016807756609995967
extra_trees,num__attr_is_old_building,0.0016770525544663446
extra_trees,num__distance_to_coastline_m,0.0016656504148697996
extra_trees,num__demo_summer_house_count,0.0016477300790564227
extra_trees,num__detail_effect_nearby_mean,0.0016427639164339751
extra_trees,cat__geo_cluster_x_room_count_city_0||3+1,0.0016407044652630937
extra_trees,num__detail_view_count,0.0016115239822074262
extra_trees,num__bearing_from_county_centroid_sin,0.001596586200381897
extra_trees,num__detail_effect_nearby_sum,0.001591195993830969
extra_trees,num__location_quality_x_detail_effect_total,0.0015882046867425315
extra_trees,num__detail_effect_view_mean,0.0015811948798451613
extra_trees,num__basiskele_has_security_signal,0.0015292672692348874
extra_trees,num__attr_building_age_score,0.0015265545812783506
extra_trees,num__detail_selected_count,0.0015112804276378375
extra_trees,cat__geo_cluster_x_room_count_city_0||4+1,0.0014905752042591593
extra_trees,cat__m2_group_76-100,0.0014887388226158865
extra_trees,num__basiskele_premium_x_new_building,0.0014881346000585418
extra_trees,num__demo_education_doctorate_ratio,0.001480618346753173
extra_trees,num__demo_density_vs_county,0.001479281906061902
extra_trees,num__attr_amenity_score,0.0014726980305434876
extra_trees,cat__building_age_group_1,0.001471571832651289
extra_trees,num__basiskele_premium_x_site_inside,0.0014674293426460347
extra_trees,num__large_home_room_density,0.0014645292284332172
extra_trees,num__basiskele_has_social_luxury_signal,0.0014549964662953895
extra_trees,num__detail_outside_count,0.001453453994533953
extra_trees,num__attr_heating_quality_score,0.0014513756057124914
extra_trees,num__demo_population_density,0.001450733794188724
extra_trees,num__detail_inside_count,0.001443039827771359
extra_trees,cat__room_count_2+1,0.0014305042650621371
extra_trees,cat__detail_cephe_Batı|Doğu|Güney|Kuzey,0.0014216268467693311
extra_trees,cat__district_Fatih Mah.,0.0014158749031621324
extra_trees,num__lon,0.0014000673572656624
extra_trees,cat__building_age_group_4,0.0013901103239033563
extra_trees,num__site_security_score,0.0013846022420827165
extra_trees,cat__building_age_group_6-10 arası,0.0013823340425381909
extra_trees,cat__detail_cephe_Doğu|Güney,0.001367270156255713
extra_trees,num__attr_is_mid_age_building,0.0013648069301633165
extra_trees,num__detail_quality_score,0.0013520397419661803
extra_trees,num__basiskele_premium_bucket_mid,0.0013506281268232236
extra_trees,cat__basiskele_geo_cluster_x_m2_group_Başiskele_0||151-200,0.0013497023371563184
extra_trees,num__large_home_m2_excess,0.0013431127397602412
extra_trees,cat__coast_distance_bucket_500_1000,0.0013380795822651114
extra_trees,num__lon_centered_city,0.0013326378222932168
extra_trees,num__demo_residential_density,0.0013296818279053414
extra_trees,cat__geo_cluster_x_room_count_city_9||2+1,0.0013178781027295468
extra_trees,cat__furnished_Belirtilmemiş,0.0013177629224459466
extra_trees,num__basiskele_premium_x_large_home,0.0013154898577500181
extra_trees,num__large_home_basiskele_premium,0.0013078128242847765
extra_trees,num__distance_to_karamursel_center_m,0.0012907092811265909
extra_trees,num__view_score,0.001279178283870772
extra_trees,cat__coast_distance_bucket_0_500,0.001274294409383542
extra_trees,num__lon_centered_county,0.0012722359888267976
extra_trees,num__county_room_count_target_median,0.0012669847198966038
extra_trees,num__trend_rent_m2,0.0012642362000355471
extra_trees,num__basiskele_premium_bucket_county_median,0.0012517009202985198
extra_trees,num__basiskele_site_premium_signal,0.0012452638252272031
extra_trees,num__large_home_detail_premium_x_m2,0.0012146235735317177
extra_trees,num__demo_vehicle_per_capita,0.001202695307449379
extra_trees,num__attr_quality_x_district_median,0.0012020700039100348
extra_trees,cat__m2_group_151-200,0.001192631885843002
extra_trees,cat__building_age_group_11-15 arası,0.0011754323207104824
extra_trees,num__large_home_quality_x_m2,0.0011687522698918243
extra_trees,cat__detail_cephe_Doğu|Güney|Kuzey,0.0011641246507206133
extra_trees,num__demo_young_ratio_diff_county,0.00115556669394876
extra_trees,cat__coast_distance_bucket_3000_plus,0.0011457143259752031
extra_trees,cat__detail_manzara_Doğa|Park & Yeşil Alan|Şehir,0.0011371472238690592
extra_trees,num__district_target_mean,0.001136205620751055
extra_trees,num__distance_to_golcuk_center_m,0.0011274707872573238
extra_trees,cat__basiskele_geo_cluster_x_m2_group_other||101-125,0.0010829003278702138
extra_trees,num__attr_is_young_building,0.0010815277177914342
extra_trees,cat__detail_cephe_Doğu,0.001078650338847592
extra_trees,cat__building_age_group_0 (Yapım Aşamasında),0.001078277852562239
extra_trees,num__basiskele_premium_bucket_high,0.0010731226333079655
extra_trees,num__attr_effect_building_age_bucket,0.0010612546097994644
extra_trees,num__demo_age_65_plus,0.0010507481645049691
extra_trees,num__is_ground_floor,0.0010499093596397888
extra_trees,num__demo_female_ratio,0.0010460172296491881
extra_trees,cat__geo_cluster_x_room_count_missing||3+1,0.0010297932054166123
extra_trees,cat__furnished_Hayır,0.0010279720754116804
extra_trees,cat__basiskele_geo_cluster_x_m2_group_Başiskele_0||101-125,0.0010279602779621787
extra_trees,cat__m2_group_200+,0.001022743213398146
extra_trees,num__basiskele_has_view_signal,0.0010058452286354253
extra_trees,num__demo_atm_per_10k,0.000995696707573044
extra_trees,num__attr_is_ground_or_below,0.0009953144684801043
extra_trees,num__attr_is_site_inside,0.0009944516747107958
extra_trees,num__district_rent_m2_iqr,0.0009818896165516636
extra_trees,num__attr_is_new_building,0.0009805165629919006
extra_trees,cat__furnished_Evet,0.0009709974854240311
extra_trees,cat__detail_manzara_Deniz|Doğa|Park & Yeşil Alan|Şehir,0.0009613981102398451
extra_trees,num__basiskele_premium_bucket_county_mean,0.0009498863734768827
extra_trees,cat__site_inside_Evet,0.0009359226948506457
extra_trees,cat__basiskele_geo_cluster_x_m2_group_Başiskele_4||126-150,0.0009215627710237812
extra_trees,num__rooms,0.0009206059694863837
extra_trees,num__demo_car_per_capita,0.0009184700849067778
extra_trees,cat__geo_cluster_x_room_count_city_1||3+1,0.0009078262943279566
extra_trees,num__attr_effect_site_inside,0.0008917197082451413
extra_trees,num__trend_count_rent,0.0008850276451149568
extra_trees,cat__site_inside_Hayır,0.0008809455433061115
extra_trees,cat__parking_Kapalı Otopark,0.0008792031564109131
extra_trees,cat__detail_manzara_missing,0.0008721435280465344
extra_trees,num__demo_young_ratio,0.0008623478618946293
extra_trees,num__total_room_score,0.0008575319353143828
extra_trees,cat__detail_manzara_Doğa,0.000855108984521161
extra_trees,cat__detail_cephe_Güney|Kuzey,0.0008434315678089296
extra_trees,num__district_rent_m2_count,0.0008372360574174596
extra_trees,num__basiskele_premium_x_district_target_median,0.0008329710919070598
extra_trees,cat__detail_cephe_Batı|Güney,0.0008327717260941539
extra_trees,cat__geo_cluster_city_city_5,0.0008285499277637737
extra_trees,num__bsk_district_similar_confidence,0.0008251597275132773
extra_trees,cat__room_count_4+1,0.0008211688155781332
extra_trees,cat__basiskele_geo_cluster_x_m2_group_Başiskele_0||126-150,0.0008069415368922945
extra_trees,num__trend_count_sale,0.0007954815746247249
extra_trees,num__demo_high_school_diff_county,0.0007828284646577788
extra_trees,num__demo_male_ratio,0.0007634516731271685
extra_trees,cat__geo_cluster_x_room_count_city_5||4+1,0.0007603744034815539
extra_trees,num__attr_is_furnished,0.0007599644904848176
extra_trees,num__demo_education_high_school_ratio,0.0007450809513631516
extra_trees,num__basiskele_distance_to_coast_x_quality,0.0007427815557128213
extra_trees,cat__demo_dominant_age_group_30-34,0.0007401614831294655
extra_trees,num__large_home_site_x_m2,0.0007384246283165478
extra_trees,num__bsk_district_similar_count,0.0007302476899579743
extra_trees,num__trend_sale_annual_change,0.0007215374480780265
extra_trees,num__attr_is_top_floor,0.0007164154250896358
extra_trees,cat__floor_segment_Çatı,0.0007153882751509944
extra_trees,num__demo_widow_ratio,0.0007022154889328066
extra_trees,cat__geo_cluster_x_room_count_missing||2+1,0.0007020930735702685
extra_trees,num__trend_yield,0.0006994522847806413
extra_trees,num__attr_has_natural_gas_heating,0.0006927128726769753
extra_trees,num__basiskele_premium_bucket_low,0.0006909050929158081
extra_trees,cat__geo_cluster_city_city_9,0.0006868613073425356
extra_trees,cat__basiskele_geo_cluster_x_m2_group_Başiskele_1||126-150,0.0006846101254247733
extra_trees,num__demo_middle_ratio,0.0006815564639976381
extra_trees,num__demo_workplace_density,0.0006773633443642163
extra_trees,cat__detail_konut_tipi_Çatı Dubleksi,0.0006682679087547615
extra_trees,num__demo_atm_count,0.0006659765648081226
extra_trees,cat__basiskele_geo_cluster_x_m2_group_other||76-100,0.0006643155440507306
extra_trees,cat__detail_konut_tipi_Bahçe Dubleksi,0.0006562252664659834
extra_trees,num__demo_age_25_34,0.0006540573291183469
extra_trees,num__demo_household_size,0.0006533560684780376
extra_trees,cat__basiskele_geo_cluster_x_m2_group_Başiskele_0||200+,0.0006510285361143516
extra_trees,cat__rent_feature_level_district_room,0.00064718641212869
extra_trees,num__district_rent_m2_cv,0.0006455743034986994
extra_trees,num__district_rent_m2_mean,0.0006422919324370001
extra_trees,num__demo_single_ratio,0.000642262810414311
extra_trees,num__demo_age_45_54,0.0006421054701439767
extra_trees,num__trend_listing_period_sale,0.0006414871153270539
extra_trees,num__distance_to_coast_x_near_sea_zero,0.0006362864170692757
extra_trees,cat__basiskele_geo_cluster_x_m2_group_Başiskele_3||101-125,0.0006327373582213663
extra_trees,num__demo_age_55_64,0.0006267362723982909
extra_trees,cat__geo_cluster_county_Başiskele_0,0.0006256160551249011
extra_trees,cat__demo_dominant_age_group_5-9,0.0006242560281999901
extra_trees,num__demo_old_ratio_diff_county,0.0006229458524044
extra_trees,cat__detail_konut_tipi_Dubleks|Bahçe Dubleksi,0.0006225205741301047
extra_trees,num__demo_age_0_14,0.0006116326787182256
extra_trees,cat__basiskele_geo_cluster_x_m2_group_Başiskele_3||76-100,0.0006080549948757789
extra_trees,cat__geo_cluster_city_city_11,0.0006042619923404569
extra_trees,num__trend_sale_m2,0.0006006370688563485
extra_trees,cat__basiskele_geo_cluster_Başiskele_0,0.0005996122955897699
extra_trees,cat__district_Paşadağ Mh.,0.0005938704688195494
extra_trees,cat__geo_cluster_city_city_7,0.000586426461324646
extra_trees,cat__geo_cluster_x_room_count_city_11||3+1,0.0005773673416407316
extra_trees,cat__district_Barbaros Mah.,0.0005753387797612471
extra_trees,cat__room_count_1+1,0.0005661316088039142
extra_trees,cat__geo_cluster_x_room_count_city_7||3+1,0.0005660576711709108
extra_trees,cat__geo_cluster_x_room_count_city_5||3+1,0.0005481805485608166
extra_trees,cat__district_Döngel Mh.,0.0005464792245265464
extra_trees,cat__detail_manzara_Park & Yeşil Alan|Şehir,0.0005430040898804629
extra_trees,num__demo_workplace_count,0.0005414585559922218
extra_trees,num__demo_pharmacy_count,0.0005350420718306766
extra_trees,num__district_target_median,0.0005335457793583817
extra_trees,cat__floor_segment_En Üst Kat,0.0005299477597841407
extra_trees,cat__geo_cluster_x_room_count_city_0||2+1,0.0005260744430065792
extra_trees,cat__basiskele_geo_cluster_x_m2_group_other||151-200,0.0005206002911051692
extra_trees,num__demo_education_graduate_count,0.0005150071857746845
extra_trees,num__district_rent_m2_median,0.0005137332970849112
extra_trees,cat__geo_cluster_city_city_8,0.0005100634896996288
extra_trees,num__demo_old_ratio,0.0005099492338085244
extra_trees,cat__geo_cluster_x_room_count_city_8||3+1,0.0005084322055692837
extra_trees,num__is_top_floor,0.0005035261870602838
extra_trees,num__demo_residential_count,0.0005014339214461158
extra_trees,num__attr_effect_parking,0.0004936042250695563
extra_trees,num__demo_age_35_44,0.00048811848225695193
extra_trees,num__demo_ses_b_ratio,0.0004851063365031068
extra_trees,cat__detail_cephe_Batı|Güney|Kuzey,0.0004844914018114533
extra_trees,num__attr_has_parking,0.0004843949944060927
extra_trees,cat__detail_cephe_Batı|Kuzey,0.0004827133337563364
extra_trees,num__demo_age_15_24,0.0004725650464080955
extra_trees,num__demo_education_primary_school_ratio,0.0004711310883498696
extra_trees,num__demo_education_doctorate_count,0.0004703819831783319
extra_trees,cat__building_age_group_3,0.0004703618563134528
extra_trees,num__demo_ses_a_plus_ratio,0.00046779096519121395
extra_trees,num__demo_per_capita_income_try,0.0004606593377079352
extra_trees,num__trend_price_change_sale,0.00045836248758387624
extra_trees,num__demo_divorced_ratio,0.0004515773813714629
extra_trees,cat__geo_cluster_x_room_count_city_9||3+1,0.00044561736131756385
extra_trees,num__detail_subtype_count,0.0004362287718736003
extra_trees,num__demo_education_graduate_ratio,0.00043592264417395446
extra_trees,num__demo_ses_c_ratio,0.0004348525889784764
extra_trees,num__demo_education_unknown_ratio,0.00043093196741272275
extra_trees,cat__basiskele_geo_cluster_x_m2_group_Başiskele_3||126-150,0.0004266970597758461
extra_trees,cat__basiskele_geo_cluster_x_m2_group_other||126-150,0.0004223104679795988
extra_trees,cat__geo_cluster_x_room_count_city_7||2+1,0.00042017346832066727
extra_trees,num__demo_ses_d_ratio,0.00041990258068898793
extra_trees,cat__geo_cluster_county_Başiskele_1,0.00041902049676764496
extra_trees,cat__district_Yeşilyurt Mh.,0.0004117737327125361
extra_trees,cat__building_age_group_2,0.0004061756919341136
extra_trees,cat__basiskele_geo_cluster_Başiskele_4,0.0004055867743715183
extra_trees,num__attr_has_balcony,0.00038884559135767986
extra_trees,cat__demo_dominant_education_Lise,0.0003853610267763646
extra_trees,cat__basiskele_geo_cluster_Başiskele_1,0.00038452328289458927
extra_trees,num__demo_widow_count,0.00038302869934733004
extra_trees,cat__balcony_Var,0.00037063416444756185
extra_trees,cat__basiskele_geo_cluster_x_m2_group_Başiskele_4||200+,0.0003673493551688441
extra_trees,num__demo_age_55_64_count,0.0003650781188254454
extra_trees,num__demo_income_vs_county,0.0003548724810629139
extra_trees,cat__geo_cluster_x_room_count_missing||4+1,0.0003522875511964655
extra_trees,cat__parking_Yok,0.0003461753515071314
extra_trees,num__demo_ses_cd_diff_county,0.00034448982807764683
extra_trees,num__demo_education_university_count,0.0003385422370415871
extra_trees,num__demo_ses_c_count,0.0003380276031665954
extra_trees,cat__basiskele_geo_cluster_x_m2_group_Başiskele_4||151-200,0.0003357606348304464
extra_trees,num__demo_married_ratio,0.0003356514907788627
extra_trees,num__demo_ses_cd_ratio,0.0003224828028451929
extra_trees,cat__basiskele_geo_cluster_x_m2_group_Başiskele_1||101-125,0.0003161153438729951
extra_trees,num__demo_old_count,0.00031530988237428816
extra_trees,cat__basiskele_geo_cluster_Başiskele_3,0.0003133504395547855
extra_trees,num__demo_ses_d_count,0.00031300625696440267
extra_trees,cat__basiskele_geo_cluster_x_m2_group_Başiskele_0||76-100,0.0003126519165092169
extra_trees,cat__geo_cluster_x_room_count_city_1||4+1,0.0003116735871303979
extra_trees,cat__balcony_Yok,0.0003106021209374262
extra_trees,cat__geo_cluster_x_room_count_city_4||3+1,0.00031015172392768884
extra_trees,cat__rent_feature_level_district,0.0003081227133633818
extra_trees,num__demo_age_0_14_count,0.0003055607330141647
extra_trees,num__demo_pharmacy_per_10k,0.00030270347001931414
extra_trees,num__demo_age_65_plus_count,0.0003012199487730092
extra_trees,num__demo_ses_ab_diff_county,0.0002979976147703292
extra_trees,num__demo_education_high_school_count,0.00029750967339393144
extra_trees,cat__geo_cluster_county_Başiskele_3,0.0002915766657341583
extra_trees,num__demo_education_middle_school_ratio,0.0002911152406595974
extra_trees,num__demo_age_35_44_count,0.0002868886919501822
extra_trees,num__demo_education_university_ratio,0.00028341938780651003
extra_trees,num__demo_ses_b_count,0.00028280400784536997
extra_trees,num__demo_age_25_34_count,0.0002775774908731134
extra_trees,num__demo_vehicle_count,0.00027524742308618973
extra_trees,cat__geo_cluster_county_Başiskele_4,0.00027308281259833005
extra_trees,num__demo_young_count,0.0002703361715124912
extra_trees,num__demo_middle_count,0.0002675857998291795
extra_trees,num__demo_education_primary_education_ratio,0.00026752611434397914
extra_trees,cat__building_age_group_16-20 arası,0.0002675063015696118
extra_trees,num__demo_age_15_24_count,0.00025996610521018484
extra_trees,num__demo_ses_a_count,0.0002585655180542843
extra_trees,cat__detail_manzara_Park & Yeşil Alan,0.000252859974991461
extra_trees,num__demo_population_total,0.0002469363690759082
extra_trees,cat__detail_manzara_Doğa|Şehir,0.00024552062934219646
extra_trees,num__demo_ses_ab_ratio,0.0002451983038584939
extra_trees,num__demo_university_diff_county,0.0002451761581890702
extra_trees,cat__geo_cluster_x_room_count_city_1||2+1,0.00024282066605706642
extra_trees,num__demo_household_income_vs_county,0.0002422250467411593
extra_trees,num__demo_age_45_54_count,0.00024141806031966715
extra_trees,cat__location_source_missing,0.00023943649619988147
extra_trees,cat__detail_cephe_Güney,0.00023543987719333592
extra_trees,num__demo_ses_a_ratio,0.0002342741110654945
extra_trees,cat__basiskele_geo_cluster_x_m2_group_Başiskele_4||101-125,0.00022921361790880632
extra_trees,num__demo_household_income_try,0.00022877037721007315
extra_trees,cat__demo_dominant_age_group_25-29,0.0002270511582976302
extra_trees,num__demo_divorced_count,0.0002259165330519019
extra_trees,cat__location_source_data_attr_map,0.00022535823650408524
extra_trees,cat__district_Serdar Mah.,0.00022518077390075653
extra_trees,cat__basiskele_geo_cluster_x_m2_group_Başiskele_3||151-200,0.00022156484252465437
extra_trees,num__demo_car_count,0.0002213005653877772
extra_trees,cat__geo_cluster_x_room_count_city_8||2+1,0.0002209088934542769
extra_trees,num__attr_has_premium_heating,0.00021561407751623251
extra_trees,cat__detail_manzara_Deniz|Doğa|Havuz|Park & Yeşil Alan|Şehir,0.00021225925938325987
extra_trees,cat__district_Yaylacık Mh.,0.00021074798652103306
extra_trees,cat__geo_cluster_city_missing,0.0002101087494144637
extra_trees,num__demo_education_primary_school_count,0.0002087250232119461
extra_trees,cat__geo_cluster_county_other,0.00020739055676879982
extra_trees,num__demo_education_total,0.00020620087464447105
extra_trees,cat__basiskele_geo_cluster_other,0.0002058847476626632
extra_trees,num__demo_ses_a_plus_count,0.00020401217478642394
extra_trees,cat__basiskele_geo_cluster_x_m2_group_Başiskele_0||0-75,0.0002012455212291097
extra_trees,num__attr_effect_heating_quality_bucket,0.0002005116110982779
extra_trees,cat__heating_Kat Kaloriferi,0.00019872721026020112
extra_trees,cat__geo_cluster_x_room_count_city_4||2+1,0.00019750765583853992
extra_trees,cat__demo_dominant_education_Lisans,0.00019293038426275856
extra_trees,num__geo_context_has_approx_location,0.00019187635744699779
extra_trees,num__has_lat_lon,0.0001915802335713419
extra_trees,cat__geo_cluster_x_room_count_city_0||1+1,0.00019028946623823086
extra_trees,num__demo_household_count,0.00018850153877215245
extra_trees,num__demo_education_middle_school_count,0.00018199009774049797
extra_trees,cat__location_precision_exact_map,0.00018126928437097177
extra_trees,num__demo_population_female,0.0001787740349072336
extra_trees,cat__detail_manzara_Deniz,0.00017577859918329683
extra_trees,cat__geo_cluster_city_city_4,0.00017224766792818302
extra_trees,num__geo_context_missing,0.0001671648290834985
extra_trees,num__location_precision_exact,0.00016541645474634915
extra_trees,cat__location_precision_missing,0.00016380761685981545
extra_trees,cat__coast_distance_bucket_missing,0.0001629313486917778
extra_trees,cat__detail_cephe_Kuzey,0.00016226367500109018
extra_trees,num__location_backfill_ok,0.00015588842336860707
extra_trees,num__location_precision_missing,0.00015583688040938086
extra_trees,num__demo_population_male,0.0001545150455816487
extra_trees,cat__demo_dominant_age_group_45-49,0.0001539573812887463
extra_trees,num__demo_never_married_count,0.00015386785321984715
extra_trees,num__demo_married_count,0.00015166497411184246
extra_trees,num__coast_distance_bucket_code,0.0001512730791103659
extra_trees,cat__geo_cluster_city_city_3,0.00014938498064015604
extra_trees,cat__building_age_group_26-30 arası,0.00014697072313782917
extra_trees,cat__basiskele_geo_cluster_x_m2_group_Başiskele_4||76-100,0.00014483109509480377
extra_trees,cat__detail_konut_tipi_Dubleks,0.00014436402890433733
extra_trees,num__location_source_data_attr_map,0.0001435809692480847
extra_trees,cat__basiskele_geo_cluster_x_m2_group_other||200+,0.0001433099585257472
extra_trees,cat__detail_manzara_Deniz|Doğa,0.00014283769309421032
extra_trees,cat__geo_cluster_x_room_count_city_3||3+1,0.00014145185752083254
extra_trees,cat__basiskele_geo_cluster_x_m2_group_Başiskele_3||200+,0.00013875202365281063
extra_trees,cat__geo_cluster_x_room_count_city_10||1+1,0.00013848012522123962
extra_trees,num__location_backfill_listing_removed,0.00013465796165187352
extra_trees,cat__detail_manzara_Deniz|Doğa|Park & Yeşil Alan,0.00013218123704742521
extra_trees,num__location_quality_score,0.0001306114104291589
extra_trees,num__geo_context_has_exact_location,0.0001290604873736355
extra_trees,cat__detail_manzara_Havuz|Park & Yeşil Alan|Şehir,0.0001225976498204654
extra_trees,cat__basiskele_geo_cluster_x_m2_group_Başiskele_1||151-200,0.00012113502681131972
extra_trees,cat__detail_konut_tipi_Dubleks|En Üst Kat|Çatı Dubleksi,0.00011964194854596697
extra_trees,cat__geo_cluster_x_room_count_city_11||2+1,0.0001111125011868621
extra_trees,cat__geo_cluster_county_Başiskele_5,0.0001010670082956852
extra_trees,cat__geo_cluster_x_room_count_city_5||2+1,9.316061092313984e-05
extra_trees,cat__geo_cluster_x_room_count_city_10||3+1,9.222773617771008e-05
extra_trees,cat__detail_manzara_Deniz|Doğa|Şehir,8.2200553377089e-05
extra_trees,cat__district_Aydınkent Mh.,7.873290809850781e-05
extra_trees,cat__detail_manzara_Deniz|Park & Yeşil Alan|Şehir,7.834507264405796e-05
extra_trees,cat__basiskele_geo_cluster_x_m2_group_Başiskele_1||76-100,7.64895298842333e-05
extra_trees,cat__district_Altınkent Mh.,7.614270116203208e-05
extra_trees,cat__room_count_3.5+1,7.456713066558365e-05
extra_trees,num__demo_education_non_literate_ratio,7.248707260633434e-05
extra_trees,cat__rent_feature_level_district_m2_group,7.088856682064807e-05
extra_trees,cat__demo_dominant_age_group_65+,6.839370668862877e-05
extra_trees,cat__detail_cephe_Doğu|Kuzey,6.812714757818202e-05
extra_trees,cat__geo_cluster_x_room_count_city_2||3+1,6.642994956152188e-05
extra_trees,cat__heating_Merkezi (Pay Ölçer),6.519208329954182e-05
extra_trees,cat__detail_manzara_Doğa|Havuz|Park & Yeşil Alan,6.415717456462282e-05
extra_trees,cat__basiskele_geo_cluster_Başiskele_5,6.393628657084552e-05
extra_trees,cat__geo_cluster_x_room_count_city_7||4+1,6.354564393146792e-05
extra_trees,cat__detail_cephe_Batı,6.306799685156935e-05
extra_trees,num__attr_has_poor_heating,6.180303251557559e-05
extra_trees,cat__geo_cluster_city_city_10,6.109829510449529e-05
extra_trees,cat__basiskele_geo_cluster_Başiskele_2,5.5217611980848115e-05
extra_trees,cat__geo_cluster_city_city_2,5.095814430681422e-05
extra_trees,cat__demo_dominant_marital_status_missing,5.0603586929298216e-05
extra_trees,cat__detail_manzara_Havuz|Park & Yeşil Alan,4.5486850123658235e-05
extra_trees,cat__district_Mahmutpaşa Mh.,4.3779141778380826e-05
extra_trees,cat__geo_cluster_x_room_count_missing||1+1,4.339528973668258e-05
extra_trees,cat__district_Kullar Yakacık Mh.,3.917522783167689e-05
extra_trees,num__demo_bank_per_10k,3.869632491421301e-05
extra_trees,cat__detail_manzara_Deniz|Şehir,3.8686795975668246e-05
extra_trees,num__demo_bank_count,3.64844147371194e-05
extra_trees,cat__basiskele_geo_cluster_x_m2_group_Başiskele_2||101-125,3.478978818019329e-05
extra_trees,cat__geo_cluster_x_room_count_city_6||2+1,3.167059660064457e-05
extra_trees,cat__basiskele_geo_cluster_x_m2_group_Başiskele_1||200+,3.1228343481944655e-05
extra_trees,cat__geo_cluster_x_room_count_city_8||4+1,3.0479356195669857e-05
extra_trees,cat__detail_konut_tipi_En Üst Kat|Çatı Dubleksi,2.6823004694771983e-05
extra_trees,cat__basiskele_geo_cluster_x_m2_group_Başiskele_4||0-75,2.640579596841933e-05
extra_trees,cat__district_Yeşilkent Mh.,2.415801970030438e-05
extra_trees,cat__district_Körfez Mh.,2.3600326026283178e-05
extra_trees,cat__district_Atakent Mah.,2.2862973254858255e-05
extra_trees,cat__heating_Yok,1.7234372796704817e-05
extra_trees,cat__building_age_group_21-25 arası,1.645251477619594e-05
extra_trees,cat__district_Bahçecik Kılıçaslan Mh.,1.3807315099837458e-05
extra_trees,cat__basiskele_geo_cluster_x_m2_group_other||0-75,1.3794281374628799e-05
extra_trees,cat__heating_Doğalgaz Sobası,1.2522116856807942e-05
extra_trees,cat__heating_Merkezi,1.1137942099593904e-05
extra_trees,cat__district_Seymen Mah.,1.037444643244878e-05
extra_trees,cat__geo_cluster_x_room_count_city_3||2+1,9.722640899625708e-06
extra_trees,cat__demo_dominant_age_group_missing,8.175610335537675e-06
extra_trees,cat__district_Kullar Merkez Mh.,8.004672268487345e-06
extra_trees,cat__demo_dominant_marital_status_Evli,7.986707009952985e-06
extra_trees,cat__demo_ses_group_C Grubu,7.216333791820229e-06
extra_trees,cat__geo_cluster_county_Başiskele_2,6.887272186099734e-06
extra_trees,cat__detail_konut_tipi_Ara Kat|Çatı Dubleksi,6.731829217689202e-06
extra_trees,cat__geo_cluster_x_room_count_city_3||4+1,6.697922593142385e-06
extra_trees,cat__detail_manzara_Doğa|Havuz|Park & Yeşil Alan|Şehir,6.571155810239971e-06
extra_trees,cat__room_count_5+1,6.295530975124945e-06
extra_trees,cat__basiskele_geo_cluster_x_m2_group_Başiskele_5||151-200,5.966164836304856e-06
extra_trees,cat__geo_cluster_x_room_count_city_2||4+1,5.910194471684225e-06
extra_trees,cat__furnished_missing,4.887629071565824e-06
extra_trees,cat__geo_cluster_x_room_count_city_5||1+1,4.784396264651592e-06
extra_trees,cat__basiskele_geo_cluster_x_m2_group_Başiskele_5||101-125,4.170145532130088e-06
extra_trees,cat__geo_cluster_x_room_count_city_10||2+1,4.127026641937343e-06
extra_trees,num__demo_has_county_demographics,4.078764094365106e-06
extra_trees,num__bsk_fallback_level,3.6495680187712968e-06
extra_trees,cat__demo_ses_group_missing,3.5216610584094185e-06
extra_trees,cat__geo_cluster_x_room_count_city_9||4+1,2.6820079796764585e-06
extra_trees,num__demo_has_demographics,2.489351065986407e-06
extra_trees,cat__geo_cluster_x_room_count_city_2||2+1,2.3403379179720424e-06
extra_trees,cat__basiskele_geo_cluster_x_m2_group_Başiskele_5||76-100,2.3320553318564883e-06
extra_trees,cat__basiskele_geo_cluster_x_m2_group_Başiskele_1||0-75,2.1069868506657813e-06
extra_trees,cat__district_Karşıyaka Mh.,2.098513277256045e-06
extra_trees,cat__detail_konut_tipi_Ters Dubleks,2.0833149506833013e-06
extra_trees,num__bsk_cluster_similar_confidence,1.6956272930507408e-06
extra_trees,cat__basiskele_geo_cluster_x_m2_group_Başiskele_5||0-75,1.3103781108366038e-06
extra_trees,cat__basiskele_geo_cluster_x_m2_group_Başiskele_5||126-150,1.2030985096995164e-06
extra_trees,cat__site_inside_missing,1.1529100537308803e-06
extra_trees,cat__heating_missing,1.0031769247194439e-06
extra_trees,num__bsk_cluster_similar_count,2.697361003727882e-07
extra_trees,cat__district_Yeniköy Merkez Mh.,2.450425934086751e-07
extra_trees,num__demo_coverage_score,2.308559232222411e-07
extra_trees,cat__parking_missing,1.8512478829476928e-07
extra_trees,cat__detail_manzara_Boğaz|Doğa|Park & Yeşil Alan|Şehir,1.0644236112698924e-07
extra_trees,cat__demo_dominant_education_missing,8.93981259136337e-08
extra_trees,num__open_area_m2,0.0
extra_trees,num__has_open_area,0.0
extra_trees,num__is_basement,0.0
extra_trees,num__living_rooms,0.0
extra_trees,num__county_rent_m2_median,0.0
extra_trees,num__county_rent_m2_mean,0.0
extra_trees,num__county_rent_m2_count,0.0
extra_trees,num__rent_feature_confidence,0.0
extra_trees,num__county_target_median,0.0
extra_trees,num__county_target_mean,0.0
extra_trees,num__county_demo_population_total_sum,0.0
extra_trees,num__county_demo_population_density_median,0.0
extra_trees,num__county_demo_population_density_mean,0.0
extra_trees,num__county_demo_per_capita_income_median,0.0
extra_trees,num__county_demo_household_income_median,0.0
extra_trees,num__county_demo_household_size_mean,0.0
extra_trees,num__county_demo_education_university_ratio_mean,0.0
extra_trees,num__county_demo_education_high_school_ratio_mean,0.0
extra_trees,num__county_demo_ses_ab_ratio_mean,0.0
extra_trees,num__county_demo_ses_cd_ratio_mean,0.0
extra_trees,num__county_demo_old_ratio_mean,0.0
extra_trees,num__county_demo_young_ratio_mean,0.0
extra_trees,num__county_demo_married_ratio_mean,0.0
extra_trees,num__county_demo_single_ratio_mean,0.0
extra_trees,num__county_demo_residential_count_sum,0.0
extra_trees,num__county_demo_workplace_count_sum,0.0
extra_trees,num__county_demo_vehicle_count_sum,0.0
extra_trees,num__county_demo_car_count_sum,0.0
extra_trees,num__county_demo_atm_count_sum,0.0
extra_trees,num__county_demo_pharmacy_count_sum,0.0
extra_trees,num__county_demo_bank_count_sum,0.0
extra_trees,num__demo_age_coverage,0.0
extra_trees,num__demo_education_coverage,0.0
extra_trees,num__demo_income_available,0.0
extra_trees,num__demo_ses_available,0.0
extra_trees,num__demo_market_activity_available,0.0
extra_trees,num__demo_infrastructure_available,0.0
extra_trees,num__demo_real_estate_agent_count,0.0
extra_trees,num__demo_agent_listing_count,0.0
extra_trees,num__demo_owner_listing_count,0.0
extra_trees,num__demo_sale_count,0.0
extra_trees,num__demo_mortgage_count,0.0
extra_trees,num__demo_turnover_ratio,0.0
extra_trees,num__demo_computed_turnover_ratio,0.0
extra_trees,num__demo_listing_count_2024,0.0
extra_trees,num__demo_bb_sale_count_2024,0.0
extra_trees,num__demo_bb_mortgaged_sale_count_2024,0.0
extra_trees,num__county_demo_sale_count_sum,0.0
extra_trees,num__county_demo_turnover_ratio_median,0.0
extra_trees,num__demo_turnover_vs_county,0.0
extra_trees,num__demo_saving_total,0.0
extra_trees,num__demo_expense_total,0.0
extra_trees,num__demo_expense_food,0.0
extra_trees,num__demo_expense_shelter,0.0
extra_trees,num__demo_expense_transportation,0.0
extra_trees,num__demo_expense_education,0.0
extra_trees,num__demo_ecommerce_count,0.0
extra_trees,num__demo_ecommerce_density,0.0
extra_trees,num__demo_online_retail,0.0
extra_trees,num__attr_credit_eligible,0.0
extra_trees,num__attr_county_new_building_premium,0.0
extra_trees,num__attr_county_old_building_discount,0.0
extra_trees,num__attr_county_elevator_premium,0.0
extra_trees,num__attr_county_site_inside_premium,0.0
extra_trees,num__attr_county_parking_premium,0.0
extra_trees,num__attr_county_good_heating_premium,0.0
extra_trees,num__attr_county_high_quality_premium,0.0
extra_trees,num__basiskele_large_home_premium_bucket_median,0.0
extra_trees,num__location_precision_approx,0.0
extra_trees,num__location_precision_district_only,0.0
extra_trees,num__is_coastal_500m,0.0
extra_trees,num__is_coastal_1000m,0.0
extra_trees,num__is_coastal_2000m,0.0
extra_trees,num__distance_to_sea_m,0.0
extra_trees,num__log_distance_to_sea,0.0
extra_trees,num__is_coastal_250m,0.0
extra_trees,num__coastal_access_score,0.0
extra_trees,num__bsk_distance_to_sea_x_view_sea,0.0
extra_trees,num__bsk_distance_to_sea_x_near_sea_zero,0.0
extra_trees,num__bsk_distance_to_sea_x_large_home,0.0
extra_trees,num__bsk_distance_to_sea_x_site_inside,0.0
extra_trees,num__bsk_distance_to_sea_x_quality,0.0
extra_trees,num__bsk_coastal_x_large_home,0.0
extra_trees,num__bsk_coastal_x_geo_cluster,0.0
extra_trees,num__bsk_coastal_x_room_4p1,0.0
extra_trees,num__bsk_comparable_missing,0.0
extra_trees,cat__real_estate_type_Satılık Daire,0.0
extra_trees,cat__room_count_2+2,0.0
extra_trees,cat__room_count_2.5+1,0.0
extra_trees,cat__room_count_3+2,0.0
extra_trees,cat__room_count_4+2,0.0
extra_trees,cat__room_count_4.5+1,0.0
extra_trees,cat__room_count_6+1,0.0
extra_trees,cat__heating_Kombi (Elektrik),0.0
extra_trees,cat__usage_status_missing,0.0
extra_trees,cat__site_inside_Belirtilmemiş,0.0
extra_trees,cat__credit_eligible_missing,0.0
extra_trees,cat__energy_certificate_missing,0.0
extra_trees,cat__deed_status_missing,0.0
extra_trees,cat__seller_type_missing,0.0
extra_trees,cat__barter_missing,0.0
extra_trees,cat__city_Kocaeli,0.0
extra_trees,cat__county_Başiskele,0.0
extra_trees,cat__district_Bahçecik Şehitekrem Mh.,0.0
extra_trees,cat__district_Damlar Mah.,0.0
extra_trees,cat__district_Havuzlubahçe Mh.,0.0
extra_trees,cat__district_Kullar Tepecik Mh.,0.0
extra_trees,cat__district_Sahil Mah.,0.0
extra_trees,cat__district_Sepetlipınar Mh.,0.0
extra_trees,cat__district_Vezirçiftliği Mh.,0.0
extra_trees,cat__building_age_group_missing,0.0
extra_trees,cat__detail_manzara_Boğaz|Deniz|Doğa|Göl|Havuz|Nehir|Park & Yeşil Alan|Şehir,0.0
extra_trees,cat__detail_manzara_Boğaz|Deniz|Doğa|Park & Yeşil Alan,0.0
extra_trees,cat__detail_manzara_Boğaz|Deniz|Doğa|Park & Yeşil Alan|Şehir,0.0
extra_trees,cat__detail_manzara_Deniz|Doğa|Havuz,0.0
extra_trees,cat__detail_manzara_Deniz|Doğa|Havuz|Şehir,0.0
extra_trees,cat__detail_manzara_Deniz|Doğa|Nehir|Park & Yeşil Alan|Şehir,0.0
extra_trees,cat__detail_manzara_Deniz|Havuz,0.0
extra_trees,cat__detail_manzara_Deniz|Havuz|Park & Yeşil Alan,0.0
extra_trees,cat__detail_manzara_Deniz|Havuz|Park & Yeşil Alan|Şehir,0.0
extra_trees,cat__detail_manzara_Deniz|Havuz|Şehir,0.0
extra_trees,cat__detail_manzara_Deniz|Nehir|Park & Yeşil Alan,0.0
extra_trees,cat__detail_manzara_Deniz|Park & Yeşil Alan,0.0
extra_trees,cat__detail_manzara_Doğa|Havuz,0.0
extra_trees,cat__detail_manzara_Göl|Park & Yeşil Alan|Şehir,0.0
extra_trees,cat__detail_manzara_Havuz,0.0
extra_trees,cat__detail_konut_tipi_Ara Kat Dubleks,0.0
extra_trees,cat__detail_konut_tipi_Ara Kat|Bahçe Dubleksi|Çatı Dubleksi,0.0
extra_trees,cat__detail_konut_tipi_Bahçe Dubleksi|Ters Dubleks,0.0
extra_trees,cat__detail_konut_tipi_Dubleks|Ara Kat,0.0
extra_trees,cat__detail_konut_tipi_Dubleks|Ara Kat Dubleks|Ters Dubleks,0.0
extra_trees,cat__detail_konut_tipi_Dubleks|Ara Kat|Bahçe Dubleksi|Çatı Dubleksi|Ters Dubleks,0.0
extra_trees,cat__detail_konut_tipi_Dubleks|Ara Kat|Çatı Dubleksi,0.0
extra_trees,cat__detail_konut_tipi_Dubleks|En Üst Kat|Ara Kat,0.0
extra_trees,cat__detail_konut_tipi_Dubleks|En Üst Kat|Ara Kat|Bahçe Dubleksi|Çatı Dubleksi,0.0
extra_trees,cat__detail_konut_tipi_Dubleks|En Üst Kat|Ara Kat|Çatı Dubleksi,0.0
extra_trees,cat__detail_konut_tipi_Dubleks|Ters Dubleks,0.0
extra_trees,cat__detail_konut_tipi_Dubleks|Çatı Dubleksi,0.0
extra_trees,cat__detail_konut_tipi_En Üst Kat|Ara Kat,0.0
extra_trees,cat__rent_feature_level_county,0.0
extra_trees,cat__demo_dominant_age_group_10-14,0.0
extra_trees,cat__location_precision_district_only,0.0
extra_trees,cat__location_source_district_text,0.0
extra_trees,cat__basiskele_geo_cluster_x_m2_group_Başiskele_2||126-150,0.0
extra_trees,cat__basiskele_geo_cluster_x_m2_group_Başiskele_2||151-200,0.0
extra_trees,cat__basiskele_geo_cluster_x_m2_group_Başiskele_2||200+,0.0
extra_trees,cat__basiskele_geo_cluster_x_m2_group_Başiskele_2||76-100,0.0
extra_trees,cat__geo_cluster_x_room_count_city_0||3.5+1,0.0
extra_trees,cat__geo_cluster_x_room_count_city_0||4+2,0.0
extra_trees,cat__geo_cluster_x_room_count_city_0||4.5+1,0.0
extra_trees,cat__geo_cluster_x_room_count_city_0||5+1,0.0
extra_trees,cat__geo_cluster_x_room_count_city_0||6+1,0.0
extra_trees,cat__geo_cluster_x_room_count_city_10||4+1,0.0
extra_trees,cat__geo_cluster_x_room_count_city_11||4+1,0.0
extra_trees,cat__geo_cluster_x_room_count_city_1||1+1,0.0
extra_trees,cat__geo_cluster_x_room_count_city_1||2.5+1,0.0
extra_trees,cat__geo_cluster_x_room_count_city_2||5+1,0.0
extra_trees,cat__geo_cluster_x_room_count_city_4||1+1,0.0
extra_trees,cat__geo_cluster_x_room_count_city_4||4+1,0.0
extra_trees,cat__geo_cluster_x_room_count_city_6||4+1,0.0
extra_trees,cat__geo_cluster_x_room_count_city_7||3+2,0.0
extra_trees,cat__geo_cluster_x_room_count_city_7||5+1,0.0
extra_trees,cat__geo_cluster_x_room_count_city_8||1+1,0.0
extra_trees,cat__geo_cluster_x_room_count_city_8||3.5+1,0.0
extra_trees,cat__geo_cluster_x_room_count_city_9||1+1,0.0
extra_trees,cat__geo_cluster_x_room_count_missing||2+2,0.0
extra_trees,cat__geo_cluster_x_room_count_missing||5+1,0.0
gradient_boosting,num__basiskele_detail_group_bucket_median,0.19593832615535473
gradient_boosting,num__attr_total_quality_score,0.090422804471693
gradient_boosting,num__district_m2_group_target_median,0.08859541988512426
gradient_boosting,num__attr_quality_x_county_income,0.03211322598305344
gradient_boosting,num__attr_m2_per_room,0.0293017343449129
gradient_boosting,num__basiskele_lat_lon_interaction,0.022213182850418928
gradient_boosting,num__bsk_district_similar_10_median,0.021741034390566488
gradient_boosting,num__detail_effect_inside_mean,0.017032221967728824
gradient_boosting,num__detail_effect_total_mean,0.015974679634735183
gradient_boosting,num__detail_effect_front_sum,0.014521851865830104
gradient_boosting,num__attr_quality_x_location_baseline,0.012352549354230009
gradient_boosting,num__total_floors,0.011148039163201704
gradient_boosting,num__bsk_cluster_similar_10_median,0.010883135440641128
gradient_boosting,num__district_room_count_target_median,0.010504725142894368
gradient_boosting,num__detail_effect_subtype_sum,0.010452224969373628
gradient_boosting,num__basiskele_district_premium_bucket_mean,0.01042352229210327
gradient_boosting,num__detail_effect_outside_mean,0.010006575419278118
gradient_boosting,num__basiskele_detail_outside_premium_signal,0.0098964937307663
gradient_boosting,num__dues,0.00955326504549203
gradient_boosting,num__bearing_from_district_centroid_sin,0.009281091639956416
gradient_boosting,num__detail_effect_outside_sum,0.009224242388551233
gradient_boosting,num__location_baseline_m2,0.009123676250548482
gradient_boosting,num__basiskele_detail_subtype_premium_signal,0.00905318877644643
gradient_boosting,num__net_m2,0.009052254234867194
gradient_boosting,num__bsk_cluster_similar_std,0.00891070194998861
gradient_boosting,num__detail_effect_subtype_mean,0.007682029021056169
gradient_boosting,num__detail_effect_county_total_sum,0.007637196136051839
gradient_boosting,num__detail_effect_front_mean,0.007485583659167018
gradient_boosting,num__bearing_from_county_centroid_cos,0.006659112587936183
gradient_boosting,num__bsk_cluster_similar_20_median,0.006633288678415148
gradient_boosting,num__lat_centered_city,0.00661613342858214
gradient_boosting,num__attr_quality_x_district_median,0.006345833395117844
gradient_boosting,num__bsk_district_similar_20_std,0.006337980667747091
gradient_boosting,num__estimated_monthly_rent_gross,0.006005415549550519
gradient_boosting,num__detail_effect_inside_x_attr_quality,0.005976561180128952
gradient_boosting,num__distance_to_coast_x_site_inside,0.005876042692037994
gradient_boosting,num__location_baseline_log,0.005689162625937065
gradient_boosting,num__bearing_from_district_centroid_cos,0.005147567992201834
gradient_boosting,num__basiskele_premium_x_detail_outside,0.004877457038977279
gradient_boosting,num__lat,0.004866540233034964
gradient_boosting,num__basiskele_premium_score,0.004773330811996015
gradient_boosting,num__location_baseline_vs_trend,0.004558045395623182
gradient_boosting,num__bearing_from_county_centroid_sin,0.004499243832921501
gradient_boosting,num__attr_net_gross_ratio,0.004411577007284116
gradient_boosting,num__distance_to_district_centroid_m,0.0043494786858016676
gradient_boosting,num__distance_to_bahcecik_m,0.004210898852399403
gradient_boosting,num__detail_effect_outside_x_attr_quality,0.004074258749517778
gradient_boosting,num__basiskele_premium_x_gross_m2,0.004015250806538379
gradient_boosting,num__detail_effect_inside_sum,0.004009563701604866
gradient_boosting,num__net_gross_ratio,0.003960976886582183
gradient_boosting,num__location_baseline_count,0.0038860965453083388
gradient_boosting,num__detail_effect_used_count,0.0038447074961432434
gradient_boosting,num__basiskele_district_premium_bucket_count,0.0037075893409049664
gradient_boosting,cat__floor_segment_Zemin/Giriş,0.003656406589980071
gradient_boosting,num__demo_age_45_54,0.003554382712894905
gradient_boosting,num__basiskele_premium_x_new_building,0.0035496062442204068
gradient_boosting,num__building_age,0.003433955418198612
gradient_boosting,num__basiskele_premium_x_district_target_median,0.0032764843184304635
gradient_boosting,num__bsk_district_similar_20_median,0.003218254878233896
gradient_boosting,num__distance_to_basiskele_coast_m,0.0031552436173217543
gradient_boosting,num__distance_to_sahil_m,0.0031391040780703624
gradient_boosting,num__distance_to_izmit_center_m,0.003062206272988229
gradient_boosting,num__detail_effect_transport_sum,0.0029583989567991123
gradient_boosting,num__basiskele_detail_total_premium_signal,0.0028965163300964537
gradient_boosting,num__gross_m2,0.0027975448299623457
gradient_boosting,cat__geo_cluster_x_room_count_city_6||3+1,0.002795554142633415
gradient_boosting,num__distance_to_coast_x_view_sea,0.0027684508852717084
gradient_boosting,cat__detail_konut_tipi_En Üst Kat,0.002757363324756483
gradient_boosting,num__distance_to_kullar_m,0.002657330585872677
gradient_boosting,num__detail_effect_view_sum,0.0024430700190148443
gradient_boosting,num__detail_effect_nearby_sum,0.0024303365350056235
gradient_boosting,num__detail_effect_total_sum,0.002429078797812934
gradient_boosting,num__detail_effect_view_x_location_baseline,0.002383536881864194
gradient_boosting,num__attr_old_building_x_no_elevator,0.002381662352141669
gradient_boosting,num__distance_to_yuvacik_m,0.002344787403879026
gradient_boosting,num__detail_selected_count,0.002311341643454666
gradient_boosting,num__attr_new_building_x_site_inside,0.0022983840537221527
gradient_boosting,num__district_room_rent_m2_median,0.0022023487196606846
gradient_boosting,num__basiskele_premium_x_large_home,0.0021871159330403254
gradient_boosting,num__lat_centered_county,0.0021867018041646174
gradient_boosting,cat__detail_cephe_Batı|Doğu,0.002124966029130956
gradient_boosting,num__large_home_net_gross_quality,0.0020895065244460258
gradient_boosting,num__attr_effect_building_age_bucket,0.0020338825894376787
gradient_boosting,num__detail_outside_count,0.002032560809489635
gradient_boosting,num__attr_effect_elevator,0.002002416204108714
gradient_boosting,num__basiskele_premium_x_detail_view,0.0019598723000552095
gradient_boosting,num__detail_effect_total_x_attr_quality,0.0019566103004857037
gradient_boosting,num__district_m2_group_rent_m2_count,0.001884771651636446
gradient_boosting,num__detail_effect_district_total_sum,0.0018841381700292533
gradient_boosting,num__detail_effect_total_abs_sum,0.0018649676663040956
gradient_boosting,cat__detail_konut_tipi_missing,0.001852493976980886
gradient_boosting,num__distance_to_golcuk_center_m,0.0017493455916558294
gradient_boosting,cat__geo_cluster_city_city_6,0.001748421054424187
gradient_boosting,num__detail_effect_view_mean,0.0017082114830093331
gradient_boosting,cat__detail_cephe_Batı|Doğu|Güney,0.0017076808734783548
gradient_boosting,cat__parking_Açık Otopark,0.0016898529755465831
gradient_boosting,cat__floor_segment_Bahçe,0.0016840690682115216
gradient_boosting,num__attr_building_age_inverse,0.0016683129185400764
gradient_boosting,num__basiskele_premium_x_location_baseline,0.0016470434631048719
gradient_boosting,num__basiskele_detail_inside_premium_signal,0.001625090746137032
gradient_boosting,num__distance_to_county_centroid_m,0.0015223553665660238
gradient_boosting,num__attr_has_elevator,0.0014945870386110546
gradient_boosting,num__attr_floor_ratio,0.0014894890572840474
gradient_boosting,cat__building_age_group_5,0.0014221854877302614
gradient_boosting,num__detail_effect_transport_mean,0.0014190433906471338
gradient_boosting,cat__detail_cephe_Batı|Doğu|Kuzey,0.00140629751576562
gradient_boosting,cat__usage_status_Mülk Sahibi,0.0013943805593616308
gradient_boosting,cat__detail_manzara_Doğa|Park & Yeşil Alan,0.0013457269731234104
gradient_boosting,num__attr_quality_x_demo_income,0.0012555577872591234
gradient_boosting,num__demo_summer_house_count,0.0012522149365340543
gradient_boosting,num__demo_education_total,0.0011911987815608753
gradient_boosting,num__transport_score,0.0011874345027846269
gradient_boosting,num__detail_near_count,0.0011699203824578567
gradient_boosting,cat__kitchen_Kapalı,0.0011688729847531773
gradient_boosting,num__attr_compact_home_x_quality,0.0011662965659345807
gradient_boosting,num__distance_to_coastline_m,0.0011239146880359183
gradient_boosting,num__distance_to_geo_cluster_center_m,0.0011096403522335633
gradient_boosting,num__detail_effect_negative_count,0.0010864677772755825
gradient_boosting,num__attr_is_old_building,0.0010523376510093185
gradient_boosting,cat__demo_dominant_age_group_40-44,0.0010154327687072957
gradient_boosting,num__demo_density_vs_county,0.0009639472137230798
gradient_boosting,num__demo_female_ratio,0.0009631295373961196
gradient_boosting,num__distance_to_karamursel_center_m,0.0008832079927432273
gradient_boosting,num__basiskele_distance_to_coast_x_quality,0.0008617488717001134
gradient_boosting,cat__building_age_group_4,0.0008544336701657221
gradient_boosting,cat__geo_cluster_city_city_0,0.0008473203791397091
gradient_boosting,num__detail_quality_score,0.0008223755182174576
gradient_boosting,cat__building_age_group_0 (Oturuma Hazır),0.0007970241277072879
gradient_boosting,num__basiskele_premium_x_site_inside,0.0007247536439215949
gradient_boosting,num__demo_age_15_24,0.0006887638478206228
gradient_boosting,cat__detail_cephe_Doğu,0.00068138473484529
gradient_boosting,num__demo_household_income_try,0.000664702255713593
gradient_boosting,num__large_home_room_density,0.0006597778728410893
gradient_boosting,cat__usage_status_Kiracılı,0.0006597466160435473
gradient_boosting,num__location_baseline_level_code,0.000649316012499204
gradient_boosting,num__large_home_quality_x_m2,0.000619839293284561
gradient_boosting,num__attr_is_middle_floor,0.0006117068823321856
gradient_boosting,num__detail_effect_positive_count,0.0006078426223725899
gradient_boosting,num__district_room_rent_m2_count,0.0005654873756542378
gradient_boosting,num__demo_ses_a_ratio,0.0005524022117644579
gradient_boosting,num__basiskele_district_premium_bucket_median,0.0005506998795323323
gradient_boosting,num__accessibility_score,0.0005240928009217258
gradient_boosting,num__trend_sale_annual_change,0.000523592521948567
gradient_boosting,num__district_m2_group_rent_m2_median,0.0005212486422179306
gradient_boosting,num__trend_sale_m2,0.0005175756452665179
gradient_boosting,num__large_home_basiskele_premium,0.0005153081901654472
gradient_boosting,cat__geo_cluster_x_room_count_city_7||3+1,0.0005007865354668385
gradient_boosting,num__detail_effect_nearby_mean,0.000481601352876437
gradient_boosting,num__detail_effect_level_code,0.00047674420479254563
gradient_boosting,num__floor_ratio,0.00046164736016351184
gradient_boosting,num__remaining_floors,0.00044403738280187157
gradient_boosting,num__floor_num,0.00043738864573363077
gradient_boosting,cat__building_age_group_0 (Yapım Aşamasında),0.0004292396160685187
gradient_boosting,cat__detail_cephe_Batı,0.0004217331428432713
gradient_boosting,num__attr_floor_quality_score,0.00041543086507940053
gradient_boosting,num__detail_transport_count,0.0004030884644736929
gradient_boosting,num__attr_large_home_x_quality,0.00039898397264887317
gradient_boosting,num__demo_population_density,0.00039442607520574346
gradient_boosting,num__demo_middle_ratio,0.0003894857734837337
gradient_boosting,num__estimated_rent_m2_gross,0.00037332361459537763
gradient_boosting,num__basiskele_distance_to_coast_x_large_home,0.0003696016722910194
gradient_boosting,cat__parking_Kapalı Otopark,0.00036617961383171306
gradient_boosting,num__demo_residential_density,0.0003651476732563768
gradient_boosting,cat__heating_Kombi (Doğalgaz),0.00034576391426092317
gradient_boosting,num__basiskele_detail_view_premium_signal,0.0003391373099905194
gradient_boosting,num__basiskele_has_security_signal,0.0003334207694491583
gradient_boosting,cat__furnished_Belirtilmemiş,0.0003325771075948528
gradient_boosting,num__lon,0.0003317666042370255
gradient_boosting,num__demo_atm_count,0.00032829660556933925
gradient_boosting,num__view_score,0.00032772388016044814
gradient_boosting,cat__detail_cephe_Batı|Güney|Kuzey,0.0003263705410675127
gradient_boosting,cat__kitchen_Açık (Amerikan),0.0002987381481250065
gradient_boosting,num__attr_has_natural_gas_heating,0.0002917435136811355
gradient_boosting,cat__building_age_group_1,0.00028491342754795497
gradient_boosting,num__inside_quality_score,0.0002786988515508768
gradient_boosting,num__trend_price_change_sale,0.00027763325995065134
gradient_boosting,num__trend_rent_m2,0.0002752041472445278
gradient_boosting,num__large_home_log_m2,0.00027131681917463965
gradient_boosting,cat__m2_group_151-200,0.00026724411454245574
gradient_boosting,num__demo_per_capita_income_try,0.0002599847360153638
gradient_boosting,cat__coast_distance_bucket_1000_3000,0.0002575018250920104
gradient_boosting,num__demo_widow_ratio,0.00024975172838560415
gradient_boosting,num__demo_age_25_34,0.0002491391009967929
gradient_boosting,num__location_quality_x_detail_effect_total,0.00024506586961779643
gradient_boosting,num__district_rent_m2_median,0.00024203905708056997
gradient_boosting,num__attr_is_top_floor,0.00024019174981819026
gradient_boosting,num__demo_single_ratio,0.00023591780853487519
gradient_boosting,num__detail_view_count,0.00023513244479216175
gradient_boosting,cat__parking_Açık & Kapalı Otopark,0.00023393773118509582
gradient_boosting,num__outside_quality_score,0.00022467600525416504
gradient_boosting,num__detail_inside_count,0.0002215265783376594
gradient_boosting,num__trend_listing_period_sale,0.00021221036231814492
gradient_boosting,num__detail_front_count,0.00021117862816493315
gradient_boosting,cat__geo_cluster_x_room_count_missing||4+1,0.00019963562333684761
gradient_boosting,num__demo_ses_ab_diff_county,0.00019472937818683613
gradient_boosting,num__large_home_site_x_m2,0.00019328007117922687
gradient_boosting,cat__furnished_Hayır,0.00018710847372190267
gradient_boosting,cat__geo_cluster_x_room_count_city_5||3+1,0.00017962152921461317
gradient_boosting,num__lon_centered_county,0.00016517985099776176
gradient_boosting,cat__basiskele_geo_cluster_x_m2_group_Başiskele_1||126-150,0.000158371506623986
gradient_boosting,cat__basiskele_geo_cluster_x_m2_group_Başiskele_4||151-200,0.00015697390655357112
gradient_boosting,num__demo_household_income_vs_county,0.00015310085994755163
gradient_boosting,num__site_security_score,0.0001509898458388799
gradient_boosting,cat__basiskele_geo_cluster_x_m2_group_other||76-100,0.0001506253519353632
gradient_boosting,cat__basiskele_geo_cluster_x_m2_group_Başiskele_4||126-150,0.00014337309666008635
gradient_boosting,cat__room_count_2+1,0.00014194422985593888
gradient_boosting,num__attr_heating_quality_score,0.00013846125892456534
gradient_boosting,num__nearby_score,0.00013666848927386597
gradient_boosting,cat__floor_segment_Çatı,0.00012193999559856351
gradient_boosting,num__district_rent_m2_iqr,0.00011409131795281097
gradient_boosting,cat__coast_distance_bucket_500_1000,0.00011050100436493294
gradient_boosting,num__demo_pharmacy_count,0.0001099959692059384
gradient_boosting,num__is_new_building,0.00010684563191280852
gradient_boosting,cat__geo_cluster_x_room_count_city_0||3+1,0.00010485206658265418
gradient_boosting,num__lon_centered_city,0.00010451071848681761
gradient_boosting,num__front_score,7.783896258448984e-05
gradient_boosting,num__basiskele_premium_bucket_mid,7.265242150608239e-05
gradient_boosting,num__bathroom_count,6.750382335399873e-05
gradient_boosting,num__demo_car_count,5.030101124510069e-05
gradient_boosting,num__open_area_m2,0.0
gradient_boosting,num__has_open_area,0.0
gradient_boosting,num__is_ground_floor,0.0
gradient_boosting,num__is_basement,0.0
gradient_boosting,num__is_top_floor,0.0
gradient_boosting,num__is_middle_floor,0.0
gradient_boosting,num__rooms,0.0
gradient_boosting,num__living_rooms,0.0
gradient_boosting,num__total_room_score,0.0
gradient_boosting,num__is_old_building,0.0
gradient_boosting,num__is_small_flat,0.0
gradient_boosting,num__is_large_flat,0.0
gradient_boosting,num__detail_subtype_count,0.0
gradient_boosting,num__district_rent_m2_mean,0.0
gradient_boosting,num__district_rent_m2_count,0.0
gradient_boosting,num__district_rent_m2_cv,0.0
gradient_boosting,num__county_rent_m2_median,0.0
gradient_boosting,num__county_rent_m2_mean,0.0
gradient_boosting,num__county_rent_m2_count,0.0
gradient_boosting,num__rent_feature_confidence,0.0
gradient_boosting,num__trend_count_sale,0.0
gradient_boosting,num__trend_count_rent,0.0
gradient_boosting,num__trend_yield,0.0
gradient_boosting,num__district_target_median,0.0
gradient_boosting,num__district_target_mean,0.0
gradient_boosting,num__county_target_median,0.0
gradient_boosting,num__county_target_mean,0.0
gradient_boosting,num__county_room_count_target_median,0.0
gradient_boosting,num__demo_population_total,0.0
gradient_boosting,num__demo_population_male,0.0
gradient_boosting,num__demo_population_female,0.0
gradient_boosting,num__demo_young_ratio,0.0
gradient_boosting,num__demo_old_ratio,0.0
gradient_boosting,num__demo_young_count,0.0
gradient_boosting,num__demo_middle_count,0.0
gradient_boosting,num__demo_old_count,0.0
gradient_boosting,num__demo_male_ratio,0.0
gradient_boosting,num__demo_married_ratio,0.0
gradient_boosting,num__demo_divorced_ratio,0.0
gradient_boosting,num__demo_never_married_count,0.0
gradient_boosting,num__demo_married_count,0.0
gradient_boosting,num__demo_divorced_count,0.0
gradient_boosting,num__demo_widow_count,0.0
gradient_boosting,num__demo_age_0_14,0.0
gradient_boosting,num__demo_age_35_44,0.0
gradient_boosting,num__demo_age_55_64,0.0
gradient_boosting,num__demo_age_65_plus,0.0
gradient_boosting,num__demo_age_0_14_count,0.0
gradient_boosting,num__demo_age_15_24_count,0.0
gradient_boosting,num__demo_age_25_34_count,0.0
gradient_boosting,num__demo_age_35_44_count,0.0
gradient_boosting,num__demo_age_45_54_count,0.0
gradient_boosting,num__demo_age_55_64_count,0.0
gradient_boosting,num__demo_age_65_plus_count,0.0
gradient_boosting,num__demo_education_university_ratio,0.0
gradient_boosting,num__demo_education_university_count,0.0
gradient_boosting,num__demo_education_high_school_ratio,0.0
gradient_boosting,num__demo_education_high_school_count,0.0
gradient_boosting,num__demo_education_middle_school_ratio,0.0
gradient_boosting,num__demo_education_middle_school_count,0.0
gradient_boosting,num__demo_education_primary_school_ratio,0.0
gradient_boosting,num__demo_education_primary_school_count,0.0
gradient_boosting,num__demo_education_primary_education_ratio,0.0
gradient_boosting,num__demo_education_graduate_ratio,0.0
gradient_boosting,num__demo_education_graduate_count,0.0
gradient_boosting,num__demo_education_doctorate_ratio,0.0
gradient_boosting,num__demo_education_doctorate_count,0.0
gradient_boosting,num__demo_education_non_literate_ratio,0.0
gradient_boosting,num__demo_education_unknown_ratio,0.0
gradient_boosting,num__demo_ses_a_plus_count,0.0
gradient_boosting,num__demo_ses_a_count,0.0
gradient_boosting,num__demo_ses_b_count,0.0
gradient_boosting,num__demo_ses_c_count,0.0
gradient_boosting,num__demo_ses_d_count,0.0
gradient_boosting,num__demo_ses_a_plus_ratio,0.0
gradient_boosting,num__demo_ses_b_ratio,0.0
gradient_boosting,num__demo_ses_c_ratio,0.0
gradient_boosting,num__demo_ses_d_ratio,0.0
gradient_boosting,num__demo_ses_ab_ratio,0.0
gradient_boosting,num__demo_ses_cd_ratio,0.0
gradient_boosting,num__demo_household_count,0.0
gradient_boosting,num__demo_household_size,0.0
gradient_boosting,num__demo_residential_count,0.0
gradient_boosting,num__demo_workplace_count,0.0
gradient_boosting,num__demo_vehicle_count,0.0
gradient_boosting,num__demo_bank_count,0.0
gradient_boosting,num__county_demo_population_total_sum,0.0
gradient_boosting,num__county_demo_population_density_median,0.0
gradient_boosting,num__county_demo_population_density_mean,0.0
gradient_boosting,num__county_demo_per_capita_income_median,0.0
gradient_boosting,num__county_demo_household_income_median,0.0
gradient_boosting,num__county_demo_household_size_mean,0.0
gradient_boosting,num__county_demo_education_university_ratio_mean,0.0
gradient_boosting,num__county_demo_education_high_school_ratio_mean,0.0
gradient_boosting,num__county_demo_ses_ab_ratio_mean,0.0
gradient_boosting,num__county_demo_ses_cd_ratio_mean,0.0
gradient_boosting,num__county_demo_old_ratio_mean,0.0
gradient_boosting,num__county_demo_young_ratio_mean,0.0
gradient_boosting,num__county_demo_married_ratio_mean,0.0
gradient_boosting,num__county_demo_single_ratio_mean,0.0
gradient_boosting,num__county_demo_residential_count_sum,0.0
gradient_boosting,num__county_demo_workplace_count_sum,0.0
gradient_boosting,num__county_demo_vehicle_count_sum,0.0
gradient_boosting,num__county_demo_car_count_sum,0.0
gradient_boosting,num__county_demo_atm_count_sum,0.0
gradient_boosting,num__county_demo_pharmacy_count_sum,0.0
gradient_boosting,num__county_demo_bank_count_sum,0.0
gradient_boosting,num__demo_income_vs_county,0.0
gradient_boosting,num__demo_university_diff_county,0.0
gradient_boosting,num__demo_high_school_diff_county,0.0
gradient_boosting,num__demo_ses_cd_diff_county,0.0
gradient_boosting,num__demo_old_ratio_diff_county,0.0
gradient_boosting,num__demo_young_ratio_diff_county,0.0
gradient_boosting,num__demo_workplace_density,0.0
gradient_boosting,num__demo_vehicle_per_capita,0.0
gradient_boosting,num__demo_car_per_capita,0.0
gradient_boosting,num__demo_pharmacy_per_10k,0.0
gradient_boosting,num__demo_bank_per_10k,0.0
gradient_boosting,num__demo_atm_per_10k,0.0
gradient_boosting,num__demo_has_demographics,0.0
gradient_boosting,num__demo_has_county_demographics,0.0
gradient_boosting,num__demo_age_coverage,0.0
gradient_boosting,num__demo_education_coverage,0.0
gradient_boosting,num__demo_income_available,0.0
gradient_boosting,num__demo_ses_available,0.0
gradient_boosting,num__demo_market_activity_available,0.0
gradient_boosting,num__demo_infrastructure_available,0.0
gradient_boosting,num__demo_coverage_score,0.0
gradient_boosting,num__demo_real_estate_agent_count,0.0
gradient_boosting,num__demo_agent_listing_count,0.0
gradient_boosting,num__demo_owner_listing_count,0.0
gradient_boosting,num__demo_sale_count,0.0
gradient_boosting,num__demo_mortgage_count,0.0
gradient_boosting,num__demo_turnover_ratio,0.0
gradient_boosting,num__demo_computed_turnover_ratio,0.0
gradient_boosting,num__demo_listing_count_2024,0.0
gradient_boosting,num__demo_bb_sale_count_2024,0.0
gradient_boosting,num__demo_bb_mortgaged_sale_count_2024,0.0
gradient_boosting,num__county_demo_sale_count_sum,0.0
gradient_boosting,num__county_demo_turnover_ratio_median,0.0
gradient_boosting,num__demo_turnover_vs_county,0.0
gradient_boosting,num__demo_saving_total,0.0
gradient_boosting,num__demo_expense_total,0.0
gradient_boosting,num__demo_expense_food,0.0
gradient_boosting,num__demo_expense_shelter,0.0
gradient_boosting,num__demo_expense_transportation,0.0
gradient_boosting,num__demo_expense_education,0.0
gradient_boosting,num__demo_ecommerce_count,0.0
gradient_boosting,num__demo_ecommerce_density,0.0
gradient_boosting,num__demo_online_retail,0.0
gradient_boosting,num__attr_is_new_building,0.0
gradient_boosting,num__attr_is_young_building,0.0
gradient_boosting,num__attr_is_mid_age_building,0.0
gradient_boosting,num__attr_building_age_score,0.0
gradient_boosting,num__attr_is_ground_or_below,0.0
gradient_boosting,num__attr_net_gross_good,0.0
gradient_boosting,num__attr_net_gross_bad,0.0
gradient_boosting,num__attr_compactness_score,0.0
gradient_boosting,num__attr_has_parking,0.0
gradient_boosting,num__attr_has_balcony,0.0
gradient_boosting,num__attr_is_furnished,0.0
gradient_boosting,num__attr_is_site_inside,0.0
gradient_boosting,num__attr_credit_eligible,0.0
gradient_boosting,num__attr_amenity_score,0.0
gradient_boosting,num__attr_has_premium_heating,0.0
gradient_boosting,num__attr_has_poor_heating,0.0
gradient_boosting,num__attr_effect_site_inside,0.0
gradient_boosting,num__attr_effect_parking,0.0
gradient_boosting,num__attr_effect_heating_quality_bucket,0.0
gradient_boosting,num__attr_effect_total_quality_bucket,0.0
gradient_boosting,num__attr_county_new_building_premium,0.0
gradient_boosting,num__attr_county_old_building_discount,0.0
gradient_boosting,num__attr_county_elevator_premium,0.0
gradient_boosting,num__attr_county_site_inside_premium,0.0
gradient_boosting,num__attr_county_parking_premium,0.0
gradient_boosting,num__attr_county_good_heating_premium,0.0
gradient_boosting,num__attr_county_high_quality_premium,0.0
gradient_boosting,num__large_home_m2_excess,0.0
gradient_boosting,num__large_home_detail_premium_x_m2,0.0
gradient_boosting,num__basiskele_has_pool_signal,0.0
gradient_boosting,num__basiskele_has_social_luxury_signal,0.0
gradient_boosting,num__basiskele_has_view_signal,0.0
gradient_boosting,num__basiskele_has_inside_luxury_signal,0.0
gradient_boosting,num__basiskele_site_premium_signal,0.0
gradient_boosting,num__basiskele_premium_bucket_low,0.0
gradient_boosting,num__basiskele_premium_bucket_high,0.0
gradient_boosting,num__basiskele_premium_bucket_county_median,0.0
gradient_boosting,num__basiskele_premium_bucket_county_mean,0.0
gradient_boosting,num__basiskele_large_home_premium_bucket_median,0.0
gradient_boosting,num__has_lat_lon,0.0
gradient_boosting,num__location_precision_exact,0.0
gradient_boosting,num__location_precision_approx,0.0
gradient_boosting,num__location_precision_district_only,0.0
gradient_boosting,num__location_precision_missing,0.0
gradient_boosting,num__location_source_data_attr_map,0.0
gradient_boosting,num__location_backfill_ok,0.0
gradient_boosting,num__location_backfill_listing_removed,0.0
gradient_boosting,num__location_quality_score,0.0
gradient_boosting,num__is_coastal_500m,0.0
gradient_boosting,num__is_coastal_1000m,0.0
gradient_boosting,num__is_coastal_2000m,0.0
gradient_boosting,num__distance_to_coast_x_near_sea_zero,0.0
gradient_boosting,num__distance_to_coast_x_large_home,0.0
gradient_boosting,num__geo_context_missing,0.0
gradient_boosting,num__geo_context_has_exact_location,0.0
gradient_boosting,num__geo_context_has_approx_location,0.0
gradient_boosting,num__distance_to_sea_m,0.0
gradient_boosting,num__log_distance_to_sea,0.0
gradient_boosting,num__is_coastal_250m,0.0
gradient_boosting,num__coast_distance_bucket_code,0.0
gradient_boosting,num__coastal_access_score,0.0
gradient_boosting,num__bsk_distance_to_sea_x_view_sea,0.0
gradient_boosting,num__bsk_distance_to_sea_x_near_sea_zero,0.0
gradient_boosting,num__bsk_distance_to_sea_x_large_home,0.0
gradient_boosting,num__bsk_distance_to_sea_x_site_inside,0.0
gradient_boosting,num__bsk_distance_to_sea_x_quality,0.0
gradient_boosting,num__bsk_coastal_x_large_home,0.0
gradient_boosting,num__bsk_coastal_x_geo_cluster,0.0
gradient_boosting,num__bsk_coastal_x_room_4p1,0.0
gradient_boosting,num__bsk_district_similar_count,0.0
gradient_boosting,num__bsk_district_similar_confidence,0.0
gradient_boosting,num__bsk_cluster_similar_count,0.0
gradient_boosting,num__bsk_cluster_similar_confidence,0.0
gradient_boosting,num__bsk_comparable_missing,0.0
gradient_boosting,num__bsk_fallback_level,0.0
gradient_boosting,cat__real_estate_type_Satılık Daire,0.0
gradient_boosting,cat__room_count_1+1,0.0
gradient_boosting,cat__room_count_2+2,0.0
gradient_boosting,cat__room_count_2.5+1,0.0
gradient_boosting,cat__room_count_3+1,0.0
gradient_boosting,cat__room_count_3+2,0.0
gradient_boosting,cat__room_count_3.5+1,0.0
gradient_boosting,cat__room_count_4+1,0.0
gradient_boosting,cat__room_count_4+2,0.0
gradient_boosting,cat__room_count_4.5+1,0.0
gradient_boosting,cat__room_count_5+1,0.0
gradient_boosting,cat__room_count_6+1,0.0
gradient_boosting,cat__floor_segment_Ara Kat,0.0
gradient_boosting,cat__floor_segment_En Üst Kat,0.0
gradient_boosting,cat__heating_Doğalgaz Sobası,0.0
gradient_boosting,cat__heating_Kat Kaloriferi,0.0
gradient_boosting,cat__heating_Kombi (Elektrik),0.0
gradient_boosting,cat__heating_Merkezi,0.0
gradient_boosting,cat__heating_Merkezi (Pay Ölçer),0.0
gradient_boosting,cat__heating_Yerden Isıtma,0.0
gradient_boosting,cat__heating_Yok,0.0
gradient_boosting,cat__heating_missing,0.0
gradient_boosting,cat__balcony_Var,0.0
gradient_boosting,cat__balcony_Yok,0.0
gradient_boosting,cat__elevator_Var,0.0
gradient_boosting,cat__elevator_Yok,0.0
gradient_boosting,cat__parking_Yok,0.0
gradient_boosting,cat__parking_missing,0.0
gradient_boosting,cat__furnished_Evet,0.0
gradient_boosting,cat__furnished_missing,0.0
gradient_boosting,cat__usage_status_Boş,0.0
gradient_boosting,cat__usage_status_missing,0.0
gradient_boosting,cat__site_inside_Belirtilmemiş,0.0
gradient_boosting,cat__site_inside_Evet,0.0
gradient_boosting,cat__site_inside_Hayır,0.0
gradient_boosting,cat__site_inside_missing,0.0
gradient_boosting,cat__credit_eligible_missing,0.0
gradient_boosting,cat__energy_certificate_missing,0.0
gradient_boosting,cat__deed_status_missing,0.0
gradient_boosting,cat__seller_type_missing,0.0
gradient_boosting,cat__barter_missing,0.0
gradient_boosting,cat__city_Kocaeli,0.0
gradient_boosting,cat__county_Başiskele,0.0
gradient_boosting,cat__district_Altınkent Mh.,0.0
gradient_boosting,cat__district_Atakent Mah.,0.0
gradient_boosting,cat__district_Aydınkent Mh.,0.0
gradient_boosting,cat__district_Bahçecik Kılıçaslan Mh.,0.0
gradient_boosting,cat__district_Bahçecik Şehitekrem Mh.,0.0
gradient_boosting,cat__district_Barbaros Mah.,0.0
gradient_boosting,cat__district_Damlar Mah.,0.0
gradient_boosting,cat__district_Döngel Mh.,0.0
gradient_boosting,cat__district_Fatih Mah.,0.0
gradient_boosting,cat__district_Havuzlubahçe Mh.,0.0
gradient_boosting,cat__district_Karşıyaka Mh.,0.0
gradient_boosting,cat__district_Kullar Merkez Mh.,0.0
gradient_boosting,cat__district_Kullar Tepecik Mh.,0.0
gradient_boosting,cat__district_Kullar Yakacık Mh.,0.0
gradient_boosting,cat__district_Körfez Mh.,0.0
gradient_boosting,cat__district_Mahmutpaşa Mh.,0.0
gradient_boosting,cat__district_Paşadağ Mh.,0.0
gradient_boosting,cat__district_Sahil Mah.,0.0
gradient_boosting,cat__district_Sepetlipınar Mh.,0.0
gradient_boosting,cat__district_Serdar Mah.,0.0
gradient_boosting,cat__district_Seymen Mah.,0.0
gradient_boosting,cat__district_Vezirçiftliği Mh.,0.0
gradient_boosting,cat__district_Yaylacık Mh.,0.0
gradient_boosting,cat__district_Yeniköy Merkez Mh.,0.0
gradient_boosting,cat__district_Yeşilkent Mh.,0.0
gradient_boosting,cat__district_Yeşilyurt Mh.,0.0
gradient_boosting,cat__building_age_group_11-15 arası,0.0
gradient_boosting,cat__building_age_group_16-20 arası,0.0
gradient_boosting,cat__building_age_group_2,0.0
gradient_boosting,cat__building_age_group_21-25 arası,0.0
gradient_boosting,cat__building_age_group_26-30 arası,0.0
gradient_boosting,cat__building_age_group_3,0.0
gradient_boosting,cat__building_age_group_31 ve üzeri,0.0
gradient_boosting,cat__building_age_group_6-10 arası,0.0
gradient_boosting,cat__building_age_group_missing,0.0
gradient_boosting,cat__m2_group_0-75,0.0
gradient_boosting,cat__m2_group_101-125,0.0
gradient_boosting,cat__m2_group_126-150,0.0
gradient_boosting,cat__m2_group_200+,0.0
gradient_boosting,cat__m2_group_76-100,0.0
gradient_boosting,cat__detail_cephe_Batı|Doğu|Güney|Kuzey,0.0
gradient_boosting,cat__detail_cephe_Batı|Güney,0.0
gradient_boosting,cat__detail_cephe_Batı|Kuzey,0.0
gradient_boosting,cat__detail_cephe_Doğu|Güney,0.0
gradient_boosting,cat__detail_cephe_Doğu|Güney|Kuzey,0.0
gradient_boosting,cat__detail_cephe_Doğu|Kuzey,0.0
gradient_boosting,cat__detail_cephe_Güney,0.0
gradient_boosting,cat__detail_cephe_Güney|Kuzey,0.0
gradient_boosting,cat__detail_cephe_Kuzey,0.0
gradient_boosting,cat__detail_cephe_missing,0.0
gradient_boosting,cat__detail_manzara_Boğaz|Deniz|Doğa|Göl|Havuz|Nehir|Park & Yeşil Alan|Şehir,0.0
gradient_boosting,cat__detail_manzara_Boğaz|Deniz|Doğa|Park & Yeşil Alan,0.0
gradient_boosting,cat__detail_manzara_Boğaz|Deniz|Doğa|Park & Yeşil Alan|Şehir,0.0
gradient_boosting,cat__detail_manzara_Boğaz|Doğa|Park & Yeşil Alan|Şehir,0.0
gradient_boosting,cat__detail_manzara_Deniz,0.0
gradient_boosting,cat__detail_manzara_Deniz|Doğa,0.0
gradient_boosting,cat__detail_manzara_Deniz|Doğa|Havuz,0.0
gradient_boosting,cat__detail_manzara_Deniz|Doğa|Havuz|Park & Yeşil Alan|Şehir,0.0
gradient_boosting,cat__detail_manzara_Deniz|Doğa|Havuz|Şehir,0.0
gradient_boosting,cat__detail_manzara_Deniz|Doğa|Nehir|Park & Yeşil Alan|Şehir,0.0
gradient_boosting,cat__detail_manzara_Deniz|Doğa|Park & Yeşil Alan,0.0
gradient_boosting,cat__detail_manzara_Deniz|Doğa|Park & Yeşil Alan|Şehir,0.0
gradient_boosting,cat__detail_manzara_Deniz|Doğa|Şehir,0.0
gradient_boosting,cat__detail_manzara_Deniz|Havuz,0.0
gradient_boosting,cat__detail_manzara_Deniz|Havuz|Park & Yeşil Alan,0.0
gradient_boosting,cat__detail_manzara_Deniz|Havuz|Park & Yeşil Alan|Şehir,0.0
gradient_boosting,cat__detail_manzara_Deniz|Havuz|Şehir,0.0
gradient_boosting,cat__detail_manzara_Deniz|Nehir|Park & Yeşil Alan,0.0
gradient_boosting,cat__detail_manzara_Deniz|Park & Yeşil Alan,0.0
gradient_boosting,cat__detail_manzara_Deniz|Park & Yeşil Alan|Şehir,0.0
gradient_boosting,cat__detail_manzara_Deniz|Şehir,0.0
gradient_boosting,cat__detail_manzara_Doğa,0.0
gradient_boosting,cat__detail_manzara_Doğa|Havuz,0.0
gradient_boosting,cat__detail_manzara_Doğa|Havuz|Park & Yeşil Alan,0.0
gradient_boosting,cat__detail_manzara_Doğa|Havuz|Park & Yeşil Alan|Şehir,0.0
gradient_boosting,cat__detail_manzara_Doğa|Park & Yeşil Alan|Şehir,0.0
gradient_boosting,cat__detail_manzara_Doğa|Şehir,0.0
gradient_boosting,cat__detail_manzara_Göl|Park & Yeşil Alan|Şehir,0.0
gradient_boosting,cat__detail_manzara_Havuz,0.0
gradient_boosting,cat__detail_manzara_Havuz|Park & Yeşil Alan,0.0
gradient_boosting,cat__detail_manzara_Havuz|Park & Yeşil Alan|Şehir,0.0
gradient_boosting,cat__detail_manzara_Park & Yeşil Alan,0.0
gradient_boosting,cat__detail_manzara_Park & Yeşil Alan|Şehir,0.0
gradient_boosting,cat__detail_manzara_missing,0.0
gradient_boosting,cat__detail_manzara_Şehir,0.0
gradient_boosting,cat__detail_konut_tipi_Ara Kat,0.0
gradient_boosting,cat__detail_konut_tipi_Ara Kat Dubleks,0.0
gradient_boosting,cat__detail_konut_tipi_Ara Kat|Bahçe Dubleksi|Çatı Dubleksi,0.0
gradient_boosting,cat__detail_konut_tipi_Ara Kat|Çatı Dubleksi,0.0
gradient_boosting,cat__detail_konut_tipi_Bahçe Dubleksi,0.0
gradient_boosting,cat__detail_konut_tipi_Bahçe Dubleksi|Ters Dubleks,0.0
gradient_boosting,cat__detail_konut_tipi_Dubleks,0.0
gradient_boosting,cat__detail_konut_tipi_Dubleks|Ara Kat,0.0
gradient_boosting,cat__detail_konut_tipi_Dubleks|Ara Kat Dubleks|Ters Dubleks,0.0
gradient_boosting,cat__detail_konut_tipi_Dubleks|Ara Kat|Bahçe Dubleksi|Çatı Dubleksi|Ters Dubleks,0.0
gradient_boosting,cat__detail_konut_tipi_Dubleks|Ara Kat|Çatı Dubleksi,0.0
gradient_boosting,cat__detail_konut_tipi_Dubleks|Bahçe Dubleksi,0.0
gradient_boosting,cat__detail_konut_tipi_Dubleks|En Üst Kat|Ara Kat,0.0
gradient_boosting,cat__detail_konut_tipi_Dubleks|En Üst Kat|Ara Kat|Bahçe Dubleksi|Çatı Dubleksi,0.0
gradient_boosting,cat__detail_konut_tipi_Dubleks|En Üst Kat|Ara Kat|Çatı Dubleksi,0.0
gradient_boosting,cat__detail_konut_tipi_Dubleks|En Üst Kat|Çatı Dubleksi,0.0
gradient_boosting,cat__detail_konut_tipi_Dubleks|Ters Dubleks,0.0
gradient_boosting,cat__detail_konut_tipi_Dubleks|Çatı Dubleksi,0.0
gradient_boosting,cat__detail_konut_tipi_En Üst Kat|Ara Kat,0.0
gradient_boosting,cat__detail_konut_tipi_En Üst Kat|Çatı Dubleksi,0.0
gradient_boosting,cat__detail_konut_tipi_Ters Dubleks,0.0
gradient_boosting,cat__detail_konut_tipi_Çatı Dubleksi,0.0
gradient_boosting,cat__rent_feature_level_county,0.0
gradient_boosting,cat__rent_feature_level_district,0.0
gradient_boosting,cat__rent_feature_level_district_m2_group,0.0
gradient_boosting,cat__rent_feature_level_district_room,0.0
gradient_boosting,cat__demo_dominant_age_group_10-14,0.0
gradient_boosting,cat__demo_dominant_age_group_25-29,0.0
gradient_boosting,cat__demo_dominant_age_group_30-34,0.0
gradient_boosting,cat__demo_dominant_age_group_45-49,0.0
gradient_boosting,cat__demo_dominant_age_group_5-9,0.0
gradient_boosting,cat__demo_dominant_age_group_65+,0.0
gradient_boosting,cat__demo_dominant_age_group_missing,0.0
gradient_boosting,cat__demo_dominant_marital_status_Evli,0.0
gradient_boosting,cat__demo_dominant_marital_status_missing,0.0
gradient_boosting,cat__demo_dominant_education_Lisans,0.0
gradient_boosting,cat__demo_dominant_education_Lise,0.0
gradient_boosting,cat__demo_dominant_education_missing,0.0
gradient_boosting,cat__demo_ses_group_C Grubu,0.0
gradient_boosting,cat__demo_ses_group_missing,0.0
gradient_boosting,cat__location_precision_district_only,0.0
gradient_boosting,cat__location_precision_exact_map,0.0
gradient_boosting,cat__location_precision_missing,0.0
gradient_boosting,cat__location_source_data_attr_map,0.0
gradient_boosting,cat__location_source_district_text,0.0
gradient_boosting,cat__location_source_missing,0.0
gradient_boosting,cat__geo_cluster_city_city_1,0.0
gradient_boosting,cat__geo_cluster_city_city_10,0.0
gradient_boosting,cat__geo_cluster_city_city_11,0.0
gradient_boosting,cat__geo_cluster_city_city_2,0.0
gradient_boosting,cat__geo_cluster_city_city_3,0.0
gradient_boosting,cat__geo_cluster_city_city_4,0.0
gradient_boosting,cat__geo_cluster_city_city_5,0.0
gradient_boosting,cat__geo_cluster_city_city_7,0.0
gradient_boosting,cat__geo_cluster_city_city_8,0.0
gradient_boosting,cat__geo_cluster_city_city_9,0.0
gradient_boosting,cat__geo_cluster_city_missing,0.0
gradient_boosting,cat__geo_cluster_county_Başiskele_0,0.0
gradient_boosting,cat__geo_cluster_county_Başiskele_1,0.0
gradient_boosting,cat__geo_cluster_county_Başiskele_2,0.0
gradient_boosting,cat__geo_cluster_county_Başiskele_3,0.0
gradient_boosting,cat__geo_cluster_county_Başiskele_4,0.0
gradient_boosting,cat__geo_cluster_county_Başiskele_5,0.0
gradient_boosting,cat__geo_cluster_county_other,0.0
gradient_boosting,cat__basiskele_geo_cluster_Başiskele_0,0.0
gradient_boosting,cat__basiskele_geo_cluster_Başiskele_1,0.0
gradient_boosting,cat__basiskele_geo_cluster_Başiskele_2,0.0
gradient_boosting,cat__basiskele_geo_cluster_Başiskele_3,0.0
gradient_boosting,cat__basiskele_geo_cluster_Başiskele_4,0.0
gradient_boosting,cat__basiskele_geo_cluster_Başiskele_5,0.0
gradient_boosting,cat__basiskele_geo_cluster_other,0.0
gradient_boosting,cat__coast_distance_bucket_0_500,0.0
gradient_boosting,cat__coast_distance_bucket_3000_plus,0.0
gradient_boosting,cat__coast_distance_bucket_missing,0.0
gradient_boosting,cat__basiskele_geo_cluster_x_m2_group_Başiskele_0||0-75,0.0
gradient_boosting,cat__basiskele_geo_cluster_x_m2_group_Başiskele_0||101-125,0.0
gradient_boosting,cat__basiskele_geo_cluster_x_m2_group_Başiskele_0||126-150,0.0
gradient_boosting,cat__basiskele_geo_cluster_x_m2_group_Başiskele_0||151-200,0.0
gradient_boosting,cat__basiskele_geo_cluster_x_m2_group_Başiskele_0||200+,0.0
gradient_boosting,cat__basiskele_geo_cluster_x_m2_group_Başiskele_0||76-100,0.0
gradient_boosting,cat__basiskele_geo_cluster_x_m2_group_Başiskele_1||0-75,0.0
gradient_boosting,cat__basiskele_geo_cluster_x_m2_group_Başiskele_1||101-125,0.0
gradient_boosting,cat__basiskele_geo_cluster_x_m2_group_Başiskele_1||151-200,0.0
gradient_boosting,cat__basiskele_geo_cluster_x_m2_group_Başiskele_1||200+,0.0
gradient_boosting,cat__basiskele_geo_cluster_x_m2_group_Başiskele_1||76-100,0.0
gradient_boosting,cat__basiskele_geo_cluster_x_m2_group_Başiskele_2||101-125,0.0
gradient_boosting,cat__basiskele_geo_cluster_x_m2_group_Başiskele_2||126-150,0.0
gradient_boosting,cat__basiskele_geo_cluster_x_m2_group_Başiskele_2||151-200,0.0
gradient_boosting,cat__basiskele_geo_cluster_x_m2_group_Başiskele_2||200+,0.0
gradient_boosting,cat__basiskele_geo_cluster_x_m2_group_Başiskele_2||76-100,0.0
gradient_boosting,cat__basiskele_geo_cluster_x_m2_group_Başiskele_3||0-75,0.0
gradient_boosting,cat__basiskele_geo_cluster_x_m2_group_Başiskele_3||101-125,0.0
gradient_boosting,cat__basiskele_geo_cluster_x_m2_group_Başiskele_3||126-150,0.0
gradient_boosting,cat__basiskele_geo_cluster_x_m2_group_Başiskele_3||151-200,0.0
gradient_boosting,cat__basiskele_geo_cluster_x_m2_group_Başiskele_3||200+,0.0
gradient_boosting,cat__basiskele_geo_cluster_x_m2_group_Başiskele_3||76-100,0.0
gradient_boosting,cat__basiskele_geo_cluster_x_m2_group_Başiskele_4||0-75,0.0
gradient_boosting,cat__basiskele_geo_cluster_x_m2_group_Başiskele_4||101-125,0.0
gradient_boosting,cat__basiskele_geo_cluster_x_m2_group_Başiskele_4||200+,0.0
gradient_boosting,cat__basiskele_geo_cluster_x_m2_group_Başiskele_4||76-100,0.0
gradient_boosting,cat__basiskele_geo_cluster_x_m2_group_Başiskele_5||0-75,0.0
gradient_boosting,cat__basiskele_geo_cluster_x_m2_group_Başiskele_5||101-125,0.0
gradient_boosting,cat__basiskele_geo_cluster_x_m2_group_Başiskele_5||126-150,0.0
gradient_boosting,cat__basiskele_geo_cluster_x_m2_group_Başiskele_5||151-200,0.0
gradient_boosting,cat__basiskele_geo_cluster_x_m2_group_Başiskele_5||76-100,0.0
gradient_boosting,cat__basiskele_geo_cluster_x_m2_group_other||0-75,0.0
gradient_boosting,cat__basiskele_geo_cluster_x_m2_group_other||101-125,0.0
gradient_boosting,cat__basiskele_geo_cluster_x_m2_group_other||126-150,0.0
gradient_boosting,cat__basiskele_geo_cluster_x_m2_group_other||151-200,0.0
gradient_boosting,cat__basiskele_geo_cluster_x_m2_group_other||200+,0.0
gradient_boosting,cat__geo_cluster_x_room_count_city_0||1+1,0.0
gradient_boosting,cat__geo_cluster_x_room_count_city_0||2+1,0.0
gradient_boosting,cat__geo_cluster_x_room_count_city_0||3.5+1,0.0
gradient_boosting,cat__geo_cluster_x_room_count_city_0||4+1,0.0
gradient_boosting,cat__geo_cluster_x_room_count_city_0||4+2,0.0
gradient_boosting,cat__geo_cluster_x_room_count_city_0||4.5+1,0.0
gradient_boosting,cat__geo_cluster_x_room_count_city_0||5+1,0.0
gradient_boosting,cat__geo_cluster_x_room_count_city_0||6+1,0.0
gradient_boosting,cat__geo_cluster_x_room_count_city_10||1+1,0.0
gradient_boosting,cat__geo_cluster_x_room_count_city_10||2+1,0.0
gradient_boosting,cat__geo_cluster_x_room_count_city_10||3+1,0.0
gradient_boosting,cat__geo_cluster_x_room_count_city_10||4+1,0.0
gradient_boosting,cat__geo_cluster_x_room_count_city_11||2+1,0.0
gradient_boosting,cat__geo_cluster_x_room_count_city_11||3+1,0.0
gradient_boosting,cat__geo_cluster_x_room_count_city_11||4+1,0.0
gradient_boosting,cat__geo_cluster_x_room_count_city_1||1+1,0.0
gradient_boosting,cat__geo_cluster_x_room_count_city_1||2+1,0.0
gradient_boosting,cat__geo_cluster_x_room_count_city_1||2.5+1,0.0
gradient_boosting,cat__geo_cluster_x_room_count_city_1||3+1,0.0
gradient_boosting,cat__geo_cluster_x_room_count_city_1||4+1,0.0
gradient_boosting,cat__geo_cluster_x_room_count_city_2||2+1,0.0
gradient_boosting,cat__geo_cluster_x_room_count_city_2||3+1,0.0
gradient_boosting,cat__geo_cluster_x_room_count_city_2||4+1,0.0
gradient_boosting,cat__geo_cluster_x_room_count_city_2||5+1,0.0
gradient_boosting,cat__geo_cluster_x_room_count_city_3||2+1,0.0
gradient_boosting,cat__geo_cluster_x_room_count_city_3||3+1,0.0
gradient_boosting,cat__geo_cluster_x_room_count_city_3||4+1,0.0
gradient_boosting,cat__geo_cluster_x_room_count_city_4||1+1,0.0
gradient_boosting,cat__geo_cluster_x_room_count_city_4||2+1,0.0
gradient_boosting,cat__geo_cluster_x_room_count_city_4||3+1,0.0
gradient_boosting,cat__geo_cluster_x_room_count_city_4||4+1,0.0
gradient_boosting,cat__geo_cluster_x_room_count_city_5||1+1,0.0
gradient_boosting,cat__geo_cluster_x_room_count_city_5||2+1,0.0
gradient_boosting,cat__geo_cluster_x_room_count_city_5||4+1,0.0
gradient_boosting,cat__geo_cluster_x_room_count_city_6||2+1,0.0
gradient_boosting,cat__geo_cluster_x_room_count_city_6||4+1,0.0
gradient_boosting,cat__geo_cluster_x_room_count_city_7||2+1,0.0
gradient_boosting,cat__geo_cluster_x_room_count_city_7||3+2,0.0
gradient_boosting,cat__geo_cluster_x_room_count_city_7||4+1,0.0
gradient_boosting,cat__geo_cluster_x_room_count_city_7||5+1,0.0
gradient_boosting,cat__geo_cluster_x_room_count_city_8||1+1,0.0
gradient_boosting,cat__geo_cluster_x_room_count_city_8||2+1,0.0
gradient_boosting,cat__geo_cluster_x_room_count_city_8||3+1,0.0
gradient_boosting,cat__geo_cluster_x_room_count_city_8||3.5+1,0.0
gradient_boosting,cat__geo_cluster_x_room_count_city_8||4+1,0.0
gradient_boosting,cat__geo_cluster_x_room_count_city_9||1+1,0.0
gradient_boosting,cat__geo_cluster_x_room_count_city_9||2+1,0.0
gradient_boosting,cat__geo_cluster_x_room_count_city_9||3+1,0.0
gradient_boosting,cat__geo_cluster_x_room_count_city_9||4+1,0.0
gradient_boosting,cat__geo_cluster_x_room_count_missing||1+1,0.0
gradient_boosting,cat__geo_cluster_x_room_count_missing||2+1,0.0
gradient_boosting,cat__geo_cluster_x_room_count_missing||2+2,0.0
gradient_boosting,cat__geo_cluster_x_room_count_missing||3+1,0.0
gradient_boosting,cat__geo_cluster_x_room_count_missing||5+1,0.0
